dirty_name,dirty_label
MS kelebogile scholtz,Person
Clara Cucuzza,Person
GROVER UPFOLD,Person
Dr. Shani Abells,Person
JOBI FLAWS,Person
Rutherford Clemenza,Person
Phillipe Mantrip,Person
GEORGE FOULSHAM,Person
Tania Mashaba,Person
MPHO JANSEN VAN VUUREN,Person
zoonoodle Company,Company
CCMA and A Group Retirement Fd,Company
Mrs. wilbert caberas,Person
Mr. LANGSDON DEAVES,Company
Farand Jull,Person
Jessica Brand,Company
eamia Yadel PTE,Company
IMIBONO FUELS,Company
Edgewire & Co,Company
rev. michelle koen,Person
Legacy All Suits Closed Corporations,Company
Mr. Mr. Vuyokazi Khanyile,Person
Dr louise marais,Person
Miss Stephan Mkhwanazi,Person
skippad Gigazoom PTY (LTD).,Company
meezzy LINKLINKS Trunyx Bond,Company
charil dismore,Person
ms. yolandi nhlapo,Person
rev. siphiwe khosa,Person
Dr. sloane olley,Person
Grace Claassen,Person
Mrs. Isaac Clark,Person
MARLON JOE,Person
Kelebogile Uys,Person
MR Hon. Thabiso Viljoen,Person
Miss lindiwe mpofu,Person
MRS heidi mngomezulu,Person
MYWORKS FLIPBUG Tagfeed GABTUNE Consortium,Company
Hon. Your Hadebe,Person
Gail Claassen,Person
Hendrik Lawrence,Person
keith oosthuizen,Person
yoshi witson,Person
Bérénice Caulton,Person
EMMANUEL MASILELA,Person
keane jakubiak,Person
Miss siyabonga ndhlovu,Person
Lee Ann Baker,Person
Skiptube vinder Yodoo Inc,Company
Mr. JILLANE MALT,Person
derek furnival,Company
ALVA TREGONNA,Person
PEERNET GLOBAL BW LTD,Company
Prof. prof. gabriel khanyile,Person
Tshepiso Adam,Person
Deborah Twala,Person
Alicia Simelane,Person
MASHUDU BASSON,Person
FIKILE RADEBE,Person
rhonda licciardi,Person
meedoo TAZZ Latz Jv Co.,Company
Prof. Pierre Mofokeng,Company
Mr BAIL EWERS,Company
DR. VICTORIA GROBLER,Person
Salaidh Ramlot,Person
Nevil Blaydes,Person
Plajo midel youspan FEEDBUG L.P.,Company
Prof. tsholofelo mulder,Person
Miss Rev. Thabang Walters,Person
Mrs Aristotle Paydon,Person
URBAN MATZKE,Person
Miss CHARLES REDDY,Person
Tracey Banda,Person
Allan Kunene,Person
Dr Conrad Cupido,Person
DR Miss Mary Smit,Person
Phindile Mpofu,Person
CLOÉ BRU,Person
Hélène Trevorrow,Person
René Marx,Person
Mr. Thembi Maseko,Person
siphokazi peter,Person
morné barnes,Person
Amelia Biford,Person
Annamarie Equipment Ltd,Company
Hinda Idale,Person
Mrs reed halhead,Person
JOLYN AMSBERGER,Person
SANDER DONO,Company
theo roberts,Person
Kabelo Boshoff,Person
University of Illinois at Springfield,University
Mrs BARBEY CACCAVALE,Person
Sr. kabelo moloto,Person
Miss SCOTTI SHEARSTONE,Person
sly champley,Person
Sr. martha mkhabela,Person
NKULULEKO MOONSAMY,Person
Pietra Brogden,Person
Linkbuzz Voonix PTY LTD,Company
Shanna Wisden,Person
Miss Refilwe Cilliers,Person
Oloo Einti PTY LTD,Company
BJÖRN SILLITOE,Person
wanooka busses pl,Company
CARY YAKOB,Person
Nonkululeko Bailey,Person
Godwin Swinden,Person
Doe O'crowley,Person
DR Henry Venter,Person
Andiswa Van Heerden,Person
Burt Abendroth,Person
Mrs. Veronica Bekker,Person
André Robertson,Person
PROF. FREDERICK TURNER,Company
Gerhard Esterhuizen,Person
Rosalinde Mawditt,Person
Dr. Bongani Harmse,Person
sarah maake,Person
Natalie Swanepoel,Person
NIKITA HATTERSLAY,Person
Audry Meltetal,Person
Frans Manuel,Person
Marcellina Bardey,Person
Lesley Johnson,Person
MISS Katlego Müller,Person
Candice Samuels,Company
Ardyth Spalding,Person
Dante Bricket,Person
janella bromley,Person
Wendye De Gregoli,Person
Miss Casey Thraves,Person
Kagawa University,University
MISS neil truter,Person
Dr. Claire Zuma,Person
Mr RIOBARD WAISTELL,Person
SALIXEN INVESTMENTS LTD,Company
Dr Elisabetta McNirlin,Person
Mrs GAÏA MOWSLEY,Person
Dr. Muhammad Ally,Person
kagiso schutte,Person
babbleset Youopia shuffledrive L.P.,Company
abc mining and industrial supplies cc,Person
Hon. Herman Moodley,Person
RUTH ABRAHAMS,Person
Dr ODETTE CLOWS,Person
Faîtes Towndrow,Person
douglas potgieter,Person
miss Vuyokazi Opperman,Person
Zava MYCAT FEEDMIX PLC.,Company
Dr. Simphiwe Move,Person
Gabriel Rossouw,Person
VINCENT STEYN,Person
Skiba trudoo VOOLITH TOPICSHOTS Partnership,Company
MR monica irdale,Person
Giraldo Desquesnes,Person
Neo Jacobs,Person
Hon. Kobus Kumalo,Person
GIORGIO SCHOUT,Person
nthabiseng nkabinde,Person
MS JEROME MNISI,Person
MAÏLIS HOWICK,Person
Browsetype ntags Vimbo Fd,Company
Mr Clerissa Mapis,Person
Ian Evans,Person
DR Yénora Riping,Person
DEFINED HOLDINGS (PTY) LTD.,Company
Léandre Ortells,Person
DUFF FORRE,Person
holt cuffin,Person
TAKALANI KHANYILE,Person
Hon. Itumeleng Masango,Person
Ms. Ursula De Villiers,Person
Kayveo Kazio mybuzz Co,Company
Sibusiso Nair,Person
katie sutherns,Person
Teboho Ngema,Person
Mrs. Muhammad Gordon,Person
MR. STEVEN DE BRUYN,Person
Mr buffy clinning,Person
yvette bosman,Person
Prof. Christian Reddy,Person
CARLA BOTHA,Person
marthinus mnisi,Person
RODD MCGOOKIN,Person
takalani jacobs,Person
MRS gary munyai,Person
DENYSE KIDNEY,Person
AGILIS INTERNATIONAL PTY LTD,Person
Theodore Fund 8 Rf Ltd,Company
DR Maïly Snoxell,Person
Maï Konrad,Person
wheeler haughian,Person
miss Isa Armit,Person
GORDON VAN DER WESTHUIZEN,Person
Hardy Lawles,Person
willem walters,Person
Devcast LLC.,Company
Francesca Tilio,Person
MISS östen varty,Person
KEITH NGOBENI,Person
rev. heinrich mthombeni,Person
NADÈGE RENIHAN,Person
Wordtune realcube Jayo Youbridge Fd,Company
Yerevan State Medical University,University
SANDRO TRESLER,Person
DR. kane caygill,Person
MRS Marie-josée Faircley,Person
tsholofelo mabena,Person
Kobus Singh,Person
Beret Panner,Person
Oba Topiclounge quamba yombu Proprietary Limited,Company
Sr. AMORY PEDDIE,Person
THOUGHTBEAT L.L.P,Company
EQUITES PTY LTD,Company
irene van niekerk,Person
Shayne Kippins,Person
nicolene ntshangase,Person
Mr. Mduduzi Loubser,Person
jerome groenewald,Person
DR. PROF. DONALD MATHEBULA,Person
Irene Taylor,Person
Counterpoint Engineering And Mining Cc,Company
PROF. MARC TERBLANCHE,Person
Jacquette Dike,Person
Lothario Solloway,Person
Kial Archbell,Person
MR. BRETT ROBINSON,Person
Zondra Janos,Company
James Walker,Person
Coates Johnson Johnsons Pty Ltd.,Company
Michael Salie,Person
Arch Hinstridge,Person
Louis Pietersma,Company
ALOÏS NOAKES,Person
Geneviève Perillo,Person
Mr. STUART JONKER,Person
RONALD MALINGA,Person
PROF. YOUR HADEBE,Person
gayler wellwood,Person
Yabox EAYO Avamm PHOTOJAM Bond,Company
Sr. Ulysses Mothersdale,Person
Personnalisée Grafhom,Person
janine cassim,Person
twitterlist Yodel Vinte photospace L.L.P,Company
VUYOKAZI LABUSCHAGNE,Person
Mrs. Tracey May,Person
Voomm EDGECLUB Janyx Fund,Company
Miss CHANCEY VALSLER,Person
danièle o'concannon,Person
gordon joubert,Person
jamey berthon,Person
FIVESPAN SKYVU Skidoo meetz PLLC.,Company
DR. miss natalie van heerden,Person
AMBROSIUS BURGAN,Person
TILDY ROBET,Person
Dù Smogur,Person
Mr. BENJY CORNELLEAU,Person
Bil Smallcombe,Person
meridel frenzl,Person
walter louw,Person
Marie Josée Madsen,Person
Zoozzy Private,Company
jacobus moagi,Person
alejandra farnon,Person
MRS Barbara Mngomezulu,Person
Sr. Dr. Barend Hanekom,Person
werner mahlangu,Person
LAWRENCE MUNYAI,Person
Miss Shaun Dhlamini,Person
clary brownlow,Person
Refiloe Zondi,Company
University of Illinois at Urbana-Champaign,University
babalwa lourens,Person
hon. dumisani matthews,Person
hon. hennie edwards,Person
REFILOE MSOMI,Person
Dr Hon. Terence Maleka,Person
Rev. Mr. Jansen Van Rensburg,Person
dominga stolberger,Person
Mr. Bing Marques,Person
FULTON RIVEL,Person
Rev. Sello Sibeko,Person
allan hall,Person
Mr. Mr. Arnold Harmse,Person
Prof. Nompumelelo Sibiya,Company
american university of tirana,University
Nozipho Mahomed,Person
Dr. Deon Steenkamp,Person
Prof. Lesego Dlamini,Person
cléopatre zannuto,Person
WILLIAM NKOMO,Person
miss Zahara Hancke,Person
miss Cecile Haburne,Person
gabcube BRIGHTDOG Zava Janyx Jv Co.,Company
Nadia Groenewald,Person
Sr. ROSABELLA BULFOY,Person
Instituto Superior Politécnico Gaya,University
PROF. REFILWE VORSTER,Person
HON. HENRY VILJOEN,Person
Steve Rautenbach,Person
Eléa Bigly,Company
Hendrik Maluleke,Person
MERRILY FORDER,Person
Vernon Kok,Company
Susan Clark,Person
Sr. Colan Loidl,Person
MR mr. arnold burger,Person
Marsh Latimer,Person
prudence nell,Person
metalbox za divpac ct br,Company
Zoonder Youtags Zava Corp.,Company
Duduzile Kunene,Person
Nonhlanhla Motaung,Person
HON. PERSONAL WILLIAMS,Person
sherwin stockoe,Person
Sr. LOREE GATWARD,Person
BUSISIWE MOTSEPE,Person
Constantino Costanza,Person
Janet Walters,Person
tania goosen,Person
Hanzehogeschool Groningen,University
ardine raithbie,Person
ruì karlolak,Person
DR LORÈNE PLATTS,Person
Kevin Miller,Person
STUART MARAIS,Person
Miss mark coetzee,Person
CÉLESTINE SPRULLS,Person
benjamin jansen van rensburg,Person
Jillane Cambden,Person
April Halburton,Person
Miss Kelebogile Masilela,Person
Gaven Westrope,Person
Mr. Johann Butler,Person
AUBREY PILLAY,Person
kazu kanoodle Corp.,Company
SIBUSISO DA SILVA,Person
Alethea Byrch,Person
KELCI AUDAS,Person
Orsa Barkley,Person
JAMES GELDENHUYS,Person
Caitrin Bonhome,Person
Harv Mac Andrew,Person
prof. jonathan hall,Person
DR Börje Dungey,Person
Miss charlena feaveer,Person
Mr. Dr. Theresa Msomi,Person
Rodney Murray,Person
Sr. Rev. Albert Blignaut,Person
REV. SAMANTHA LOMBARD,Person
rubber bride pl,Company
DR. dr. christo mathebula,Person
Rolando Adriaens,Person
Dr. Albert Edwards,Person
Mr. Nance Eggleton,Person
Dazzlesphere Pixope Funds,Person
SEAMUS HUTCHIN,Person
Mr. Garth Shezi,Person
MAHÉLIE BUSCHER,Person
Peter Neethling,Person
Mrs KELEBOGILE VOSLOO,Person
MR ANNAMARIA FORES,Person
African Investments Pl,Company
YACERO oyoba UnLtd,Company
Yolandi Ngubane,Person
Hyacinthe Mc Keveney,Person
Miss Danie Van Niekerk,Person
åslög starbucke,Person
Videllone Ltd,Company
DR Dr. Nicolette Steyn,Person
jackie maluleka,Person
Nomi Compford,Person
Mr. teodora fenix,Person
NEXT EBRAHIM,Person
MR Norine Kinnear,Person
Timmy Whyler,Person
Mrs BÉRÉNICE BROOKTON,Person
DR. Prof. Nonkululeko Davids,Person
MS Irene Harris,Person
lynette mouton,Person
Ronel Motaung,Person
MRS corry ashness,Person
Miss Gregory Cobain,Person
PIM Seed Stable Fund Grindrod,Company
Charo Bozworth,Person
Sr. LYSSA METCALFE,Person
Meejo Photolist aibox Gmbh Co.,Company
Lynette Moyo,Person
HAYDON HATCHELL,Person
NONKULULEKO PETERS,Person
francis marais,Person
mrs. lynette jordaan,Person
GÉRALDINE HEAPS,Person
jamia quinu thoughtmix S.P.,Company
miss Bo Dimont,Person
Keir Mazzei,Person
Karyn D'antoni,Person
CELEBRITIES SERVICES AFRICA PTY LTD,Company
Hon. Maureen Joseph,Person
Mrs werner hoosen,Person
Flashdog Bubbletube Stg,Company
Hube Redhills,Person
Zechariah Tuckey,Person
MS Matthew Mkhize,Person
Nozipho Cloete,Person
Thabang Campbell,Person
Magdalène Gartan,Person
Charmaine Mohlala,Person
Dr NEVSA WINRIDGE,Person
Mduduzi Zulu,Person
Marthinus Meyer,Person
Miss xolani roberts,Person
PROF. HENNIE VORSTER,Person
AMANDA GOODSHIP,Person
YOLANDI MASHIGO,Person
MISS ELIZABETH SWART,Person
DR Mr. Lesego Steyn,Person
zimbabwe open university,University
leigh van deventer,Person
MISS ELIZABETH THOMPSON,Person
INGRID DUNBABIN,Person
Joaquin Severwright,Person
Mr. edwin baker,Person
Universidad Católica Anselmo Llorente,University
Mr Waneta Vaughan,Person
Miss MS. THERESA MOORE,Person
miranda vicent,Person
Mary Moorfield,Person
Mr. MRS. SAMANTHA MKHWANAZI,Company
GAYE DITCH,Person
KAOKO TRADING PL,Company
eustacia yerbury,Person
simphiwe harmse,Person
nonna staig,Person
clayson thoumasson,Person
Fatima Matlala,Person
TRACEY PARKER,Person
Prof. Julian Dladla,Person
REV. GREG GROBBELAAR,Person
MAÏTÉ HOVENDEN,Person
Stephanie Majola,Person
gerhardine annes,Person
Sterne Benian,Person
robert nene,Person
Fan Eglise,Person
helen conradie,Person
Mrs. Tshepiso Manamela,Person
DR idette tribbeck,Person
Mrs. Gabriel Govender,Person
ahmed liebenberg,Person
MR JACKY PEDROLI,Person
Prof. Simon Hoffman,Person
Rafolrd Associates Lp,Company
Lissa Syseland,Person
Roger Jooste,Person
THANDEKA SWARTZ,Person
kizzie denyukhin,Person
MRS ashley ellis,Person
Joe Banks,Person
Timothy Duma,Person
Graham Patel,Person
brianna hindrich,Person
nico mamabolo,Person
Earl Shaddick,Person
MRS. NICOLA OPPERMAN,Person
lenore ouslem,Person
Jedediah Plaschke,Person
Maxi Guiness,Person
lilah christin,Person
carel mulaudzi,Person
REINHARD BADLAND,Person
MR Arthur Wentzel,Person
gail coetzee,Person
Anita Ndlovu,Person
Harmonie Hebblewaite,Person
Dr. yáo brumbie,Person
Lynette Kriel,Person
Clovis Mummery,Person
PAULETTE JUANICO,Person
YOLANDI MOAGI,Person
Connie Robertson,Person
Michael Edelheit,Person
UNIVERSITY OF DA LAT,University
Aimbu C.C.,Company
Åsa Tern,Person
Miss Maëlyss Rabat,Person
Nuvo Rubber Lining (Pty) Ltd.,Company
Dr. Rev. Juanita Mofokeng,Person
Thabang Motloung,Person
KAMBA Pixonyx PLC.,Company
Rev. Simon Nkosi,Person
Nonhlanhla Baker,Person
babalwa gounden,Person
JAMES MOOSA,Person
Miss MS. LOUISE PRETORIUS,Person
CLÉLIA HIGHTON,Person
VUYOKAZI MADLALA,Person
Dr. Gerianna King,Person
Bubblemix Skipstorm PTY LTD.,Company
miss vusi marais,Person
ROZELLE COWERN,Person
Marie Josée Petroselli,Person
Zama Kubheka,Person
Dr Carolynn Kimblen,Person
Dimakatso Schmidt,Person
Prof. Mduduzi Saunders,Person
dumisani rikhotso,Person
stévina ivancevic,Person
Miss Jacqueline Taljaard,Person
Mr. Anthony Els,Person
Kagiso Van Eeden,Person
Rev. Nicola Koekemoer,Person
Lauren Bedburrow,Person
Claudia Xulu,Person
MS MDUDUZI WESSELS,Person
grant pather,Person
Prof. Andries Smith,Person
Gertrude Spadotto,Person
Edgepulse Youspan TWIMBO MYMM Partnership,Company
Alicia Du Preez,Person
Eadel Kwilith Corp.,Company
ennis pimm,Person
Marie Thérèse Ferruzzi,Person
Mandy Mulaudzi,Person
nessy kleinmintz,Person
DAVID TLADI,Person
Marie Françoise Girardeau,Person
GUGULETHU NENE,Person
THABANG ZONDI,Person
Barry Moses,Person
Nahum Hassey,Person
Elvin Conrad,Person
Mr Trix Lowdham,Person
bradney mckniely,Person
tshepo moodley,Person
Sr. ANDRÉ SOLOMONS,Person
Chantel Swart,Person
LORRAINE MUNYAI,Person
Dani Craigg,Person
ROGGE INC GCOK,Company
Ewell Handman,Person
Jacques Barnard,Person
Vicky Shute,Person
Claudia Allie,Person
maéna hunt,Person
Mrs Odelia Ahmad,Person
Léandre Huggon,Person
jacobus bester,Person
Mélanie Stookes,Person
Topdrive zoomlounge CC,Company
Mr ADÉLAÏDE MITYUSHKIN,Person
Camimbo topicshots zoomdog Stg,Company
kathye cayley,Person
MRS Tasneem Conradie,Company
MISS Dannie Thairs,Person
Mr. Jacob Chauke,Person
Youspan GMBH Co.,Company
Liza Trudgeon,Person
BRADLEY VAN ROOYEN,Person
Erwéi Frid,Person
thandeka nxumalo,Person
KFC INVESTMENTS PTY LTD,Company
miss Geoff Packington,Person
Kabelo De Jager,Company
MR Miss Bronwyn Kotze,Person
jilleen ruvel,Person
Kobus De Bruin,Person
noelle cow,Person
Miss CHRISTIAN SCOTT,Person
FIKILE GOUNDEN,Company
Dr Dr. Debbie Fredericks,Company
E TRADE ZA PL,Company
Dr GUILBERT CARDING,Person
devlen van weedenburg,Person
david grobler,Company
yú o'hannen,Person
Morné Enslin,Person
University of Bergen,University
Ronald Zuma,Person
Prof. Nhlanhla Williams,Person
WILTON O'DOHERTY,Person
Dr. VUSI LEE,Person
NICK MUNYAI,Company
Shel Bruno,Person
Bubblebox AVAMBA PTY LTD,Company
REALMIX Janyx rhynoodle SOC.CoL,Person
PORTIA MATHE,Person
KAGISO JAMES,Person
NICOL FLACKNOE,Person
FRÉDÉRIQUE RIPPINGALL,Person
Mrs. Yusuf Mhlongo,Person
garreth heavyside,Person
Tamiko Dumper,Person
CÉLIA VERRIER,Person
Dr. Contact Gerber,Person
oyoloo Company,Company
byrle abells,Person
SIPHOKAZI ODENDAAL,Company
rev. gerrit ngwenya,Person
Natalie Fortuin,Person
Mr. Ian Schutte,Person
Cindy Zondi,Person
Riffwire DEMIMBU Centidel Inc.,Person
Mr. BRIGID MCDYER,Person
Chongqing Normal University,University
Katlego Kubheka,Person
Miss Dr. Maria Makhubela,Person
nomfundo ngubane,Person
MRS Annotée Lambie,Person
Dr Mr. Desmond Mhlongo,Company
BYRAN SINISBURY,Person
Babblestorm Mita trilith SICAV,Person
MS TEBOHO HLONGWANE,Person
EDDI TREGENSOE,Person
DR nomfundo buthelezi,Person
Phillip Evans,Person
Coates Johnson Johnsons PTY Ltd,Company
Amalea Tschirschky,Person
Divanoodle Trilia Lda.,Company
kare izakoff,Person
teboho pretorius,Person
ADELE ALEXANDER,Person
WILLIE VANDRILL,Person
Miss Ahmed Hendricks,Person
Dynava Flashspan DABLIST voomm Ltd,Person
Dù Guirau,Person
Charlene Kunene,Person
Tatum Beneyto,Person
Anthea Hendrickson,Person
THOMAS KING,Person
Aí Cater,Person
MISS KABELO MAZIBUKO,Person
DR morne mogale,Person
Mr. MS. ABIGAIL HATTINGH,Company
jaxspan Fund,Person
rachèle danaher,Person
Alica Marousek,Company
DIONISIO SINNOCK,Company
Miss merrel mathews,Person
dean kemp,Person
Sanchaba Port Man Nom Pl,Company
Nhlanhla Dube,Company
ANDRÉANNE SAMART,Person
yadel Photofeed LLC.,Company
Hannie Woollam,Person
SCARLETT DELLENBROOK,Person
Stormy Smye,Person
Oralia Tinkham,Person
Suzie Tumasian,Person
MYLÈNE RATE,Person
REV. ROBERT OPPERMAN,Person
Dr Christopher Potgieter,Person
michael esterhuizen,Person
Angèle Semens,Person
Emmalynn Muddle,Person
International University Of Japan,Company
dean parker,Person
Mr Nozipho Ferreira,Person
Michael Herbst,Person
DR Barbara Van Schalkwyk,Person
Mr. Juanita Pietersen,Person
MUNMRO TOMPKINS,Person
Dr Mrs. Yvette Twala,Person
DEEANNE SPELLACY,Person
gabe du pre,Person
Mrs prof. anton young,Person
mégane lawerence,Person
Miss Arron Merrison,Person
universidad metropolitana de honduras,University
Mrs Del Bourhill,Person
Arabel Northwood,Person
Marthinus Singh,Person
MS Béatrice Mulliss,Person
Miss celeste van tonder,Person
CARLOS SHERBORNE,Person
Dr. Abel Muckley,Person
inesita tuer,Person
Rev. William Engelbrecht,Person
BLUEJAM S.P.,Company
MARIE-JOSÉE ROWSEL,Company
Melanie Chauke,Person
Mr PROF. CHRISTINA SCHUTTE,Person
Hon. Robyn Hlongwane,Person
oyoyo Company,Company
universidad de quintana roo,University
Herman Butler,Person
ILSA BRUNDALL,Person
Penelopa Vampouille,Person
Jacob St Ledger,Person
DR. LUCKY MABENA,Person
Livetube GEBA Foundation Trust,Company
mrs. refilwe moloi,Company
Mr Priscilla Schutte,Person
miss Mandisa September,Person
Lucky Murray,Person
loïca beet,Person
RICHMOND ROSTHORN,Company
Marie Noël Dowderswell,Person
gwenni eatock,Person
miss KIMBRA WOODESON,Person
Táng Vernall,Person
yolandi maphumulo,Person
PROF. KABELO BRAND,Person
COMBITRADER OPEN PTY LIMITED,Company
STRATFORD COLLEGE LONDON,University
Ruò Danett,Person
Dr Lisa Pretorius,Person
HAYLEY GOWANLOCK,Person
MISS dr. simon beukes,Person
lorna woodbridge,Person
MARIA SINGH,Person
MRS archie garnett,Person
BRIGHTBEAN Photobug skinix DabZ PTE,Company
CHERYL CLARKE,Person
lizelle nieuwoudt,Company
jacobus rossouw,Person
Podcat Shufflebeat LINKLINKS Quatz Limited,Company
Barbabra Liveley,Person
YOZIO PTY (LTD).,Company
Gabbie Cowle,Person
ARDYTH BYRKMYR,Person
CHATTERBRIDGE Eayo Podcat Family Trust,Company
Theo Sithole,Person
Rev. thandeka Maluleke,Person
Mrs. Greg Mlangeni,Person
Mrs. Morne Ntuli,Person
Daryl Le Breton De La Vieuville,Person
PAUL MKHWANAZI,Person
Dennis Collins,Company
MISTY MOUNTAINS COMPANY PTY LTD,Company
Cristina Fretwell,Person
Mr. Michal Ghione,Person
KELLY MORRIS,Person
Barbabas Fursse,Person
Prof. Jean Van Den Berg,Person
Topiclounge Plambee Skynoodle LLP,Company
ST. JOSEPH'S COLLEGE NEW YORK,University
helge ellice,Person
Thabiso Nel,Person
Alex Uys,Person
harald g cc,Company
rodney eliez,Company
yombu SKYBA Lda.,Company
HON. YVONNE WALKER,Person
Takalani Shongwe,Person
JOHANN MADLALA,Person
Staffard Brandt,Person
international university of health and welfare,University
Mr JEAN KUMALO,Person
Mrs. Brent Erasmus,Person
danielle koekemoer,Company
Miss Portia Van Tonder,Person
Fiona Ismail,Person
ict college,University
eléa alcide,Person
Refilwe Brand,Person
florie wildin,Person
harold spellesy,Person
Cathryn Truin,Person
CHINA UNIVERSITY OF MINING TECHNOLOGY - BEIJING,University
Dave De Jager,Person
Russ Genner,Person
Yehudi Standon,Company
Mr. TRISTAM READSHAW,Person
miss miss beukes,Person
Fikile Mohlala,Person
laurianne pashler,Person
mbali van der linde,Person
carmen swanepoel,Person
Fivechat FIVECHAT camido Joint Venture,Company
scotti blowick,Person
nthabiseng lombard,Person
jacqueline bell,Person
Yodo Skilith EDGECLUB SOC.CoL,Company
gideon van staden,Person
yodel Muxo PTY Limited,Company
Prof. Debbie Masilela,Person
FRANK SIBIYA,Person
MS Dr. Thandeka Alberts,Person
Izio Twitterworks browsecat REALMIX PTY LTD.,Company
Skyvu Skalith Group,Company
Sr. morne lombard,Person
Clemente Mattessen,Person
Personal Human,Person
Livefish Npath skidoo Group,Company
anna malan,Person
Mrs rudi samuels,Person
Miss Aimée Kitlee,Person
DR Kimmy Siddele,Person
Dr. Richard George,Person
DEREK NKABINDE,Person
Mr. Stefan Wentzel,Person
LORA STOCKLEY,Person
Mr. JUDICAËL FILLERY,Person
aivee Agivu Partnership,Company
MRS. GLORIA MOFOKENG,Person
Lynea Thick,Company
Miss hon. nomfundo mostert,Person
brent evans,Person
Mrs Joshuah Ruilton,Person
rev. monique white,Company
Joe Drugan,Person
hon. colin steyn,Person
Vuyokazi Mokoena,Person
Brena Danilchenko,Person
prof. thandeka miller,Person
Tagcat TRILITH yata Limited.,Company
rev. hennie salie,Person
Marthinus Langa,Person
company image sports cc,Company
sandra kelly,Person
chickie savary,Person
bongiwe jooste,Person
Mogamat du Toit,Person
MS ALEXEI VASYUTKIN,Person
HON. TONY DUMA,Person
Prof. Karabo May,Person
DR THAPELO OLIVER,Person
Anna Bennett,Person
Alexis Joao,Person
MRS Ursula Masilela,Person
Conrad Oberholzer,Person
Bat Klaussen,Person
Jeniece Godspeede,Person
MASSMART RETAIL (PTY) LTD.,Company
Ntokozo Greeff,Company
Dr shane khoza,Person
Nhlanhla Palmer,Person
BARNIE FALLOON,Person
Dr. Philip May,Person
Eastern Mennonite University,University
DR. fee raveau,Person
ms. fiona louw,Person
Nonkululeko Van Der Berg,Person
Yotz Family Trust,Company
Xolani Gounden,Person
Nicolette Jordaan,Company
TOPICBLAB Skinder mydo Fd,Company
Mrs. Jeremy Anthony,Person
MS Thulani Bosman,Person
Marjorie Edwards,Person
HARRIET GRANCHER,Person
DANNIE HUMPHRIS,Person
tessa keegan,Person
Blogpad Mynte Meembee LLC.,Company
MR Lindiwe Müller,Person
rosamund paula,Person
Stanley Move,Person
Dr Jason Groenewald,Person
thandi gordon,Person
BRIDE VOGELER,Person
Channa Whiley,Person
Rev. Ashley Chetty,Person
Mrs. Lungile Cooper,Company
BAREND SEPTEMBER,Person
Timmy Rendle,Company
emmanuel pather,Person
Gtc Investment Holdings Administration (Pt Y) Ltd.,Company
de depot pty ltd,Company
melissa khosa,Person
NOSIPHO CONRADIE,Person
Gerti Pesek,Person
EAZZY LEENTI Meedoo CAMIDO C.C.,Company
thato moloi,Person
BLOGTAG Corp.,Company
BELINDA VAN DYK,Person
CORA KEDDIE,Person
Nosipho Masuku,Person
Vivian Dulen,Person
Nozipho Malan,Person
Cécile Cockerill,Person
ESTEBAN MCPARTLIN,Company
Dr. Stefania Louw,Person
ruashi capital lp,Company
Botswabo Cc,Company
cariotta deviney,Person
Néhémie Gowry,Person
Mrs. PROF. NOKUTHULA LEE,Person
naéva cometson,Person
Mrs. ROBIN JOUBERT,Person
Lily Marqyes,Person
Valérie Wallington,Person
Vinder PLC.,Company
STANFRA TRADING,Company
kagiso gounden,Person
Zandile Fortuin,Person
REALBLAB Kare buzzdog Private,Company
Cooker And Kids Manufacturing Cc,Company
NÉHÉMIE DRIVER,Person
Hon. Benjamin Reddy,Person
"Evangelische Fachhochschule Reutlingen-Ludwigsburg, Hochschule für Soziale Arbeit, Religionspädagogik und Diakonie",University
Dr Ricardo Moses,Person
noll tremlett,Person
MR EMMALYNN FARN,Person
Loren Gasking,Person
MS MAXIMILIEN DOSSETTOR,Person
DR kabelo maluleka,Person
Chongqing Normal University Foreign Trade And Business College,University
nozipho mohamed,Person
Prof. thato esterhuizen,Person
Mandisa Davids,Person
béatrice dansie,Person
Mrs. Vusi Hughes,Person
ROB BUTHELEZI,Person
Tania Zulu,Person
Dr. Wynand Manuel,Person
Dr Sibylle Cockling,Person
CIRILLO ROWES,Person
VIDOVIK JERRAMS,Person
Debbie Otto,Company
Phumzile September,Person
MS TÁN TICKSALL,Person
Your Bezuidenhout,Person
VICROBOB INVESTMENTS CC,Company
PIETER BANDA,Person
jean david,Person
Prof. joy deluca,Person
Neil Vorster,Person
CONCHITA MCGINN,Person
mélia pedrollo,Person
Vuyokazi Van Der Merwe,Company
VOONDER thoughtbeat Skivee TRUDOO Pty Ltd,Company
Miss Marthinus Cassim,Person
Sr. Noll Hayford,Person
ETIENNE BEUKES,Person
Colline Vany,Person
Lizelle Oosthuizen,Person
Centizu Topiczoom Skimia Group,Company
mr. marthinus schutte,Person
VIPE Gigashots Blogspan Funds,Company
Christine Mathe,Person
MRS Ilyssa Durrans,Person
NOMPUMELELO LAWRENCE,Person
takalani mudau,Person
Sr. LEON DU PREEZ,Person
DR hewe smithson,Person
Thulani Sibanyoni,Person
catalyst trading 372 pl,Company
JANEAN HAMMEL,Company
LEON SAMUELS,Person
DUDUZILE HUGHES,Person
FADEO dabjam Pty,Company
contrust investments no 93 proprietary ltd,Company
Yakidoo Pty Ltd,Company
Mr. Werner Kunene,Person
LINKBRIDGE S.P.,Company
PAUL DU PLOOY,Person
Andries Van Jaarsveld,Person
russell cassim,Person
Dr PRINCE VERMAAK,Person
RENÉE GRISHKOV,Person
DR. Marlena Tupie,Person
RAYMOND MAY,Person
JACQUELINE SMIT,Person
brent nzimande,Person
Hon. Brandon Bothma,Person
Willow Pratton,Person
catherine bowsher,Person
university of indianapolis in athens,University
Paul Clarke,Person
Sibongile Mchunu,Person
DR. MARTHA CLOETE,Person
Miss EBBA SHUCKSMITH,Person
Clerissa Pettko,Person
DR. chucho sadgrove,Person
Méline Munro,Person
Shuffledrive Partnership,Company
Claudia Letsoalo,Person
nicolaas basson,Person
Mélinda Prozescky,Person
Twitterwire edgeclub gabvine LLP,Company
youtags MEEDOO Proprietary Limited,Company
Jeffrey Khoza,Person
WORDWARE Tagtune Browsecat MYBUZZ CC,Company
FIKILE STEYN,Person
Danella Sayer,Person
Adélie Steinor,Person
Yóu Fawloe,Person
christian gowenlock,Person
Rev. Peter Van Aswegen,Person
Refiloe Zulu,Person
Dr Charlotte Campbell,Person
Xolani Van Eeden,Person
Prof. Nosipho Slabbert,Person
Gerrit Williams,Person
SUSAN SKOSANA,Person
Twitternation & Co.,Company
killian cotherill,Person
Uta Dybell,Company
Mr Neale Skillern,Person
Rodney Buys,Person
TEBOGO ELS,Person
Hesther Hartmann,Person
Edgeblab Buzzdog EDGEIFY zazio Corp.,Company
Dimakatso Mhlanga,Person
Refiloe Madlala,Person
Mrs. Mandisa Khoza,Person
Mr. Desirée Baldung,Person
Louis Neethling,Person
MISS DUMISANI DE VILLIERS,Person
Hon. Stefan Cassim,Person
Linktype Company,Company
DABVINE COGILITH Kamba Fund,Company
Luther College,University
Tiebout Pauley,Person
Prof. Anthea Khanyile,Person
alan oliver,Company
HON. NICOLENE GROENEWALD,Person
Miss Léane Campey,Person
rapid consulting pl,Company
hon. allan zondi,Person
Sr. georgianne forge,Person
Université François Rabelais de Tours,University
Carel Ntuli,Person
CAMIDO PTY (LTD).,Company
MS graeme rodbourne,Person
Thembi Kumalo,Person
Kristen Dearnaly,Person
vicki toombes,Person
FELIZA SHALLCROSS,Person
Gaëlle Birchall,Person
Dr MILÉNA VASILIK,Person
Prudence Braithwait,Person
Mr Ransell Whitley,Person
Dr. dr. stephen coetzee,Person
Leonelle Presswell,Person
Jo Ann Riccardelli,Person
Odelia Busek,Person
Miboo Jayo Roodel THOUGHTBRIDGE Gmbh Co.,Company
Trupe Brainverse ROODEL YOZIO PTY LTD.,Company
DR. RONEL EVANS,Person
Wordify EAYO Gmbh Co.,Company
Prof. Maëlys Bogays,Person
sibongile mkhize,Person
Mrs. Mashudu Bekker,Person
Gregorio Grimmert,Person
Jason Khan,Person
Mrs. MANUEL ROBKER,Person
siphokazi cassim,Person
Prof. Bongani Davids,Person
topicware agivu Miboo L.t.d.,Company
Rhyzio GABTYPE Devify LLC.,Company
nonhlanhla loubser,Person
Mrs ansley westney,Person
DESMOND ADONIS,Person
Dr. nicolaas mabena,Person
Mr Neville Lawrence,Person
Joyce Thorrold,Person
Miss mrs. jacqueline masilela,Person
Jenny Alexander,Person
Una Henzley,Person
URSULA NENE,Person
Npath VIVA topiczoom SICAV,Company
vinte & Co,Company
MRS THABO FRANCIS,Person
Jean Liebenberg,Company
Marie Jeanne Gaymar,Person
Canine Trading (Pty) Ltd,Company
Véronique Keedwell,Person
Jennifer Tladi,Person
Fikile Ndebele,Company
BABALWA VAN DEN HEEVER,Person
Marta Shergold,Person
Waterfront Estate Cc,Company
naëlle dorricott,Person
DR. KETTIE KESLEY,Person
Marleah Greenough,Person
grace ngobeni,Person
tekfly WORDWARE Flashdog Family Trust,Company
winn birdsall,Person
prof. sizwe visagie,Person
Teirtza Zealander,Person
Ashley Zungu,Person
lilia matyatin,Person
GILLIAN WOOD,Person
Sr. illustrée antusch,Person
SONNY ERWIN,Company
aurélie frude,Person
Rush University,University
Geba linkbridge A.S.,Company
realbridge buzzbean Mydo Oozz Consortium,Company
MATTHEW MALAN,Person
CHRISTIAN HUMAN,Person
Prof. PROF. JENNIFER XULU,Person
Roanna Pontin,Person
MARC BOUWER,Person
Nancie Leeuwerink,Person
Médiamass Rentoll,Person
ABRA YEGOROV,Company
MR Carena Cary,Person
DR. Theresina Hotson,Person
Prof. Wayne Swanepoel,Person
REV. JEFFREY NAIDU,Person
Agustin Sonnenschein,Person
Miss Hon. Natalie Van Vuuren,Person
Lorraine Ferreira,Person
willyt mosson,Person
faith baloyi,Person
feedfish Cogibox Family Trust,Person
ALLAN LEATHES,Person
Alecia Moult,Person
Brig Piotrowski,Person
Miss HON. SYLVIA BRITS,Person
DR. Holden Saddington,Person
Humfrey Christy,Person
STEPHEN DE JAGER,Person
Alfreda Mc Vanamy,Person
Mrs tori eglinton,Person
Julian Van Tonder,Person
tumelo joseph,Person
DR. belle gever,Person
Sande Timothy,Person
BUZZBEAN MEEDOO Zooxo Funds,Company
Oyonder yamia inc.,Company
Mr Berny Fairclough,Person
MRS Pietra Koschke,Person
Natty Patton,Person
Shufflebeat Proprietary Limited,Company
BRYCE HASSELL,Person
Dr CONSOLATA BUGLAR,Person
Táng Massie,Person
Darell Curror,Person
dr. bulelwa bosch,Person
Fikile George,Person
WÁ GOLDIS,Person
To Ngema,Person
lyell tuckley,Person
Nikos Lucks,Person
Twinder Inno Z Quimba Jabberstorm Ltd,Company
voonix Shufflebeat Vinder Funds,Company
Sean Richards,Person
Roger Moloi,Person
bml property cc,Company
TUMELO MALINGA,Person
VENUS SEACOMBE,Person
jane palmer,Person
REV. SHAUN FOURIE,Person
Gigashots centizu Jazzy Joint Venture,Company
garth buys,Person
livvy marchello,Person
MELISSA SOULE,Company
mén meriguet,Person
steven may,Person
patin marsters,Person
Hon. Donald Phiri,Person
Dr. Zandile Shongwe,Person
China Project AM MATBALI,Company
Marketing Power International Ltd,Company
Mr Judicaël Sandeford,Person
CHAD DULSON,Person
mogamat simelane,Company
Dr. Nicholas Collins,Person
DARILL SHARRARD,Person
DUMISANI JOSEPH,Person
miss alison van der westhuizen,Person
Worlington Treasury Pl,Company
Jo Liddy,Person
Prof. hesther dandie,Person
Dr Elberta Eam,Person
dr. christian van niekerk,Person
CHARLENE GROENEWALD,Person
FAITH JANSEN VAN RENSBURG,Person
MISS IAN LOTTERING,Person
Patrice Noon,Person
Miss Alison Maree,Person
Mr Jaco Hlophe,Person
Tazz Jazzy Jv Co.,Company
ANNE-CORINNE LEAMAN,Person
Nester Swaden,Person
celeste muller,Person
your ismail,Person
yénora carlett,Person
PETER VAN HEERDEN,Person
Dr Dumisani Zuma,Person
RUSSELL JACOBS,Person
nonkululeko mashinini,Person
Frans van Staden,Person
Miss Mrs. Mashudu Swartz,Person
Miss Zama Naidoo,Person
Lyn McKellen,Person
buitenbig (pty) ltd,Company
Garfield Beardshaw,Person
Lesley Moosa,Person
Ms. Yolandi Wessels,Person
dr. ntokozo wilson,Person
Océanne Clearie,Person
Zanele Wright,Person
tallulah shimwell,Person
Merrile Rotchell,Person
Derek Govender,Person
Tshepiso Moore,Person
Hyatt Hotels Corp,Company
alfred dladla,Person
VERONICA VAN DER MERWE,Person
CHRYSA BARRS,Person
jacobus maphumulo,Person
Miss Cheryl Viljoen,Person
AVAMM cogibox PLC,Company
Gerome Westmarland,Person
DONOVAN LE ROUX,Person
STARFIELD CAP 3,Company
Brett Whithalgh,Person
Mrs. Oralle Smoughton,Person
Dabfeed Zoomdog rhyloo Dazzlesphere Pty (Ltd),Company
SELLO PRETORIUS,Person
TERRYE DINNINGTON,Person
Mr keith petersen,Person
MRS Salli Aldrin,Person
Nadine Maphumulo,Person
NKOSINATHI VAN TONDER,Person
PIETER NTOMBELA,Person
Morgan Stanley financial Produ,Company
DODE MACPEAKE,Person
KARIN MATHE,Person
Gert Kekana,Person
maris burbank,Person
Mr. hilton hanratty,Company
Dr Anthea Padayachee,Person
Linq Asia Mutual Fund,Company
AL DAHRA AGRICULTURE NIGERIA PTY LTD,Company
Miss MRS. LESLEY ENSLIN,Person
Mr audréanne alliker,Person
Dr Tony Eayres,Person
Miss prof. matthew coetzer,Person
Lindiwe du Plessis,Person
marlyn hawkshaw,Company
MISS EZRI BLUNE,Person
Celene Eslemont,Person
kim mulaudzi,Person
Mr Federica Soper,Person
CAROLUS EWING,Person
Hollis Plewman,Person
Lindiwe Neethling,Person
MAËLYSS LUDEWIG,Company
ELDRIDGE HINCHAM,Person
Miss MS. ROBYN BRITS,Person
Mybuzz PTY LTD.,Company
Dr. Thapelo Ntombela,Person
Brandea Yakobowitz,Person
Hon. zandile Baloyi,Person
Mr LYSÉA KELLEY,Person
Dr BÉATRICE TESSYMAN,Person
DR. nick harmse,Person
Esther Cele,Person
ashley chauke,Person
Horst Andrejs,Person
Darren Moloi,Person
abraham mchunu,Person
Sr. frans tshabalala,Person
personal tladi,Person
Mrs Prof. Willem De Wet,Person
DR Rene Masemola,Person
UNIVERSITY OF KELANIYA,University
MRS miss karabo mkhabela,Company
gasper green,Person
Rhynyx LIVEZ Bubblebox Pl,Company
Merry Bowra,Person
Oyondu Fund,Company
MR Hon. Lloyd Murray,Person
Korney Bortolini,Person
Kagiso Koekemoer,Person
MS karlyn guisby,Person
Mr carmen paul,Person
Adriaan Kumar,Person
EMMERY BAZELY,Person
wang weatherhogg,Person
Jeanette Mngomezulu,Person
Flin Macallam,Person
rev. isaac hugo,Person
TRACY GIORGIETTO,Person
ÖSTEN BALAZOT,Person
Linq Asians,Company
MR. DANIEL MEYER,Person
mashudu chauke,Person
GILLIAN KRIEL,Person
Next Campbell,Company
Joellen Roocroft,Person
Sr. PHUMZILE BRITS,Person
WELBY FARRINGTON,Person
Filberte Hathorn,Person
clo fydo,Person
MARILLIN SUTLIFF,Person
fitz rosendall,Person
miss lotti vynall,Person
Ephrayim Gallop,Person
Yénora Brolechan,Person
lisa kubheka,Person
Nosipho Kubheka,Person
KIM ISMAIL,Person
ZOOMBOX VIDOO Gabtype AVAMBA Fund of Funds,Person
DARE SEAMONS,Person
Lucita Skentelbery,Person
Mélodie Mousdall,Person
Mrs Elvyn Manterfield,Person
thulani viljoen,Person
Alison Kyd,Person
NLOUNGE PTY LTD.,Company
Mrs REV. SHANNON DE VILLIERS,Person
A SCHOEMAN AND ASSOCIATES CC,Company
Eléa Ornillos,Person
Zoomcast trupe JV,Company
peirce newson,Person
JENNY KOEKEMOER,Person
flemming hullyer,Person
ALAN MÜLLER,Person
Moscow State Automobile And Road Technical University,University
sean hendriksen,Person
MR Marc Lubbe,Person
MISS ZANDILE MOODLEY,Person
Fran O'Dwyer,Person
AIME FELLS,Person
MISS CONTACT BEUKES,Person
DR Esther Street,Person
Méghane Chretien,Person
Mrs. Ms. Estelle Turner,Person
ANAËL WINBORN,Person
Prof. Hercules Hussell,Person
Tommy Filippyev,Person
Marthinus Kelly,Person
Ruì Howland,Person
Economical Bk Nv,Company
brit killiam,Person
Komar University of Science and Technology,University
CHRISTINE SHABANGU,Person
KANYA BURDYTT,Company
Mr Dr. Kagiso Dladla,Person
THOUGHTBRIDGE FIVEBRIDGE PTY LTD,Company
fiveclub innotype Co.,Company
Tshegofatso Manamela,Person
Miss GILLIAN PULE,Person
Dr. NADÈGE MC ANDREW,Person
Rebecca Street,Person
Mr Emmeline Trewhela,Person
LANCE CUER,Person
reggis carvill,Person
miss BARN GUIET,Person
Koralle Lillecrap,Person
Dr babalwa roux,Person
miss roxane gumb,Company
laura naicker,Person
Siphokazi Mngomezulu,Person
HON. BRENDA LEGODI,Person
Mr. hon. sello twala,Person
Mashudu De Bruyn,Person
Bren Beament,Company
MISS Dennison Tremmil,Person
STEVEN STEENKAMP,Person
DR nompumelelo thompson,Person
Miss MÉLANIE VAN DER BAAREN,Person
Mà Burchfield,Person
Dominga Blaasch,Person
DR. Mr. Nico Vermaak,Person
Gaétane O'Grada,Person
tebogo hugo,Person
Mr JILLANA ELIS,Person
Miss Phumzile Fourie,Person
Digitube Feedfire LATZ Skidoo Consortium,Company
rhycero Youfeed Company,Person
Tagtune Babbleblab Limited,Company
Sr. Carla Shezi,Person
Mr shelby brampton,Person
Dr. Nthabiseng Moore,Person
Lorène Halston,Person
Edmée Glennard,Person
miss ALBERT PIFFORD,Person
cynthia moosa,Person
YOUR MARSHALL,Person
MS Margaux Abbot,Person
céline josebury,Person
Shufflester Flipopia & Co,Company
Mrs Lauren O'mara,Person
DR ANGELIQUE ZONDO,Person
ALFRED MOKOENA,Person
Mélanie Sadgrove,Person
NANNY OSSENNA,Person
SOFIA FOTHERBY,Person
SUPERSTAR GROUP LTD,Company
DR. CARMELA ANGELINI,Person
Prof. HEINRICH DAVIES,Person
DR Vuyokazi Collins,Person
Chatterpoint Wikido Bubblemix Bond,Company
Dr Nomfundo Francis,Person
Malcolm Banda,Person
Momentum Group Pl,Company
KEVINA VATINI,Person
Heidi Matlala,Person
Reallinks Skalith zazio SOC.CoL,Company
anna twala,Person
Séverine Mac,Person
BERNADETTE FEARNSIDES,Person
rev. neo adams,Person
Mr. Nonkululeko Padayachee,Person
babbleopia C.C.,Company
Thoughtsphere Inc,Company
françoise wilkin,Person
Leader Capital Group (Pty) Ltd.,Company
Mrs. Ruth Bekker,Person
ANNALIESE DEARLOVE,Person
Kelby Verlinden,Person
SIFISO NKABINDE,Person
Barbara Street,Person
rene nell,Person
diane carstens,Person
DR. mr. thandi alexander,Person
PROF. MARTIN TWALA,Person
kagiso boshoff,Person
Prof. prince prinsloo,Person
thorvald itzchaki,Person
Auberta Toxell,Person
Eléa Gaytor,Person
Sr. alexander msibi,Company
Steve Neethling,Person
grant rautenbach,Person
Bettye Dufton,Company
bucky henric,Company
Östen Marikhin,Person
COBBY VALLINTINE,Person
DR. bryan street,Person
Universidad Central,University
InnoZ QUIRE Rooxo Limited,Company
FLIPBUG Zoonoodle Eire Blogspan Stg,Company
Ms. Colleen Slabbert,Person
Edward Gumede,Company
Morné Isaacs,Person
Léana Dobeson,Company
Absto Industrial Supplies Cc,Company
Inès Wiper,Person
miss SELLO TRUTER,Person
heather rautenbach,Person
HILARY SNAR,Person
MR NONHLANHLA PETER,Person
Barry Malan,Company
TAGFEED plajo BABBLEBLAB vinte Co.,Person
Yolandi Botha,Person
Miss Stefa Ferrolli,Person
Mrs. kagiso bekker,Person
RIP AUTON,Person
Lebohang Majola,Person
Araldo Astman,Person
MS RAMSAY CHOULERTON,Person
miss Arthur Van Vuuren,Person
phindile harris,Person
corrie frye,Person
Computer Lense Systems Cc,Company
Siphokazi Kunene,Person
Tsholofelo Makhubela,Company
Jarid Gilhespy,Person
Amélie Vail,Company
Miss Sipho Palmer,Person
MRS Prof. Stanley Wentzel,Person
Thandi Morris,Company
GABTYPE quaxo L.P.,Company
GIDEON WOLMARANS,Person
trevor du plessis,Person
sibusiso abrahams,Person
Vimbo TWINTE PTY LTD,Company
MR ATHENA JOIRE,Company
Lothario Goreisr,Person
Dr Ms. refiloe Oosthuizen,Person
Lanna Mathivat,Person
craig maseko,Person
DR LIZELLE SKOSANA,Person
DR melissa fourie,Person
Dr. Sharona Wildish,Person
MS Cindy Enslin,Person
MS kagiso sibanyoni,Person
Kare Camimbo KWINU PLAMBEE Pl,Company
Dr. Jaco September,Company
BLOGXS ROOMBO Aimbu Zoomlounge Fd,Company
DR. Mr. jacobus Ross,Person
Skyndu rooxo Pl,Company
antoinette lourens,Company
nkosinathi botes,Person
Gloria Cloete,Person
dov draijer,Person
JUDITH MOHLALA,Person
David Mokone,Person
Roger Baloyi,Person
Lindiwe Morgan,Person
Darleen Mc Carty,Person
Odessa Hamlyn,Person
Babalwa Liebenberg,Person
Léonore Fradson,Company
MR Pamela Burger,Person
MISS ms. nhlanhla opperman,Person
håkan compfort,Person
dynazzy Twitterbeat YAKITRI Zoomcast Pty Ltd,Company
SIPHOKAZI DANIELS,Company
ahmed de wet,Person
agivu Devshare Ltd,Company
hon. tshepo alberts,Person
GERHARD CRONJE,Person
Itumeleng Hadebe,Person
MS MS. UNATHI ENGELBRECHT,Person
John Harris,Person
GAKUSHUIN UNIVERSITY,University
MOREWELL CLAUDINEPTY LTD,Company
Skyba Shuffletag Photobean Jv Co.,Company
NESSI MCLEOID,Person
Jeanette Francis,Person
JABBERCUBE Divape PIXONYX Family Trust,Company
Miss WENDY NIEUWOUDT,Person
FREDERICK MOHAMED,Person
katz Izio linklinks SKYNDU UnLtd,Company
Nollie Cruden,Person
SHIRLEY BEUKES,Company
Truda Works,Person
MARITSA NEILD,Person
Mrs lynette peters,Person
philip nkosi,Person
Andrew Bangle,Person
DEAN BENJAMIN,Person
THULANI SCHMIDT,Person
Lexi Coghlan,Person
Dr Thando Mashaba,Person
ETAGA INFORMATION TECHNOLOGY,Person
Stephi Rosberg,Person
THANDI BAKER,Person
demivee Twitternation Yozio Zoombeat Consortium,Company
miss Franny Christon,Person
isabel chandlar,Person
Rev. Ian Simpson,Person
Helen Müller,Person
LYNETTE FRANCIS,Person
Vinny Devereu,Person
tania mchunu,Person
ofelia payley,Person
AMÉLIE BURNEL,Person
personnalisée blacker,Person
yata REALFIRE Inno Z Gmbh Co.,Company
ELAYNE DONNEELY,Person
MISS abraham mbatha,Person
Dr HON. XOLANI RIKHOTSO,Person
colleen mostert,Person
Miss abigail park,Person
MS DEON COETZER,Person
MAËLY CHADD,Person
Prof. lindiwe phillips,Person
Gloria Lawrence,Person
Jackie Mashele,Person
Diarmid Plume,Person
Mrs. Cull Upsale,Person
Mr megan pule,Person
thembi watson,Person
Mohamed Thompson,Person
Farly Jouandet,Person
Prof. Sarah Ndlovu,Person
Dr Dineo Mabaso,Person
CLÉMENTINE UNGERER,Person
Anaïs Keave,Person
Flaming Martins Promotions CC,Company
Sr. Julie Moland,Person
Yolandi van der Merwe,Person
JERMAIN MALLABONE,Person
Gigabox Tagchat PTY LTD.,Company
Universidad Tecnológica Indoamérica,University
Sr. clayborn allport,Person
nokuthula naidu,Person
HON. MEGAN MASHABA,Person
CHRISTAL BEEDOM,Person
abraham ebrahim,Person
susan brits,Person
Innocent Majola,Person
MRS. ASHLEY MOLOTO,Person
JUMPXS Pty (Ltd),Company
Miss SOSANNA LARGEN,Person
Willem Morris,Person
rachèle saines,Person
ms. nhlanhla van jaarsveld,Person
ms. tshegofatso watson,Person
Stu Witherup,Person
Rev. Thembi Mavuso,Person
KIM MAJOLA,Person
Carmencita Hanton,Person
twitterbridge Innotype Feedfire kaymbo Joint Venture,Company
Jacqueline Barnard,Person
SAX ERVIN,Person
GOLDA CRISTOFOR,Person
Méng Starkie,Person
HILDA DISHMAN,Person
National University,University
Isa Canellas,Person
Thandi Move,Person
ulrich thrussell,Person
buzzster LLC.,Company
Dr Debbie Mashele,Person
Dr. Natasha Fisher,Person
Andre Mokwena,Person
Barend Nieuwoudt,Person
Sr. FRANCOIS MAAKE,Person
Mr. anthea coetzee,Person
DR. Jeanette Ndebele,Person
shirley greyling,Person
TO DU PLESSIS,Person
DR. Alison Gordon,Person
göran willingam,Person
JANE MILLER,Person
JAXWORKS AILANE fliptune Pty Ltd,Company
Personal Fortuin,Person
Mrs Martha Harrison,Person
CLAUDIA HARMSE,Person
Rebecca Wolmarans,Person
Shoshanna Vanyatin,Person
university of texas at san antonio,University
WILMETTE THOMASSIN,Person
BARR LAMPERT,Person
Dr lauren ahmed,Person
Saint Louis University,University
Mélia Riseam,Person
mr. mark schmidt,Person
Siphokazi Sibiya,Person
Trilia Skinte LLC.,Person
Dr. Bendix Coult,Person
Ms. Babalwa Nelson,Person
Stanwood Sammut,Company
adriaan padayachee,Person
Prof. Sydney Petersen,Person
Hon. Emmanuel Langa,Person
Prof. NAP MICHELE,Person
Dr. amanda modiba,Person
Miss candice van vuuren,Person
edgetag Riffpedia Kwideo Skyba PTY LTD,Person
KGOMOTSO GREEN,Person
Mr. MOSES GREENWAY,Person
MS MR. YOLANDI BEZUIDENHOUT,Person
gerald lottering,Person
COGIBOX CC,Company
karina chalcroft,Person
photojam Cogilith Pty (Ltd),Company
RAHEL BASWALL,Person
Mr mollie maith,Person
Mrs. Lizelle Masuku,Company
Hersch Crowche,Person
flashpoint Bubblebox brainsphere Buzzshare Corporation,Company
NORMAN DU PLOOY,Person
Andrea Edwards,Person
palesa chauke,Person
Göran Greedier,Person
Sr. Susan Beukes,Person
Ezra Born,Person
Nonkululeko Mahlangu,Person
Miss Grant Makhubela,Person
NOÉMIE JUANES,Person
MR Dorothée Considine,Person
rev. frederick mulder,Person
Godfrey Prinsloo,Person
Yorke Marmyon,Person
Mrs ANAÏS MERSEY,Person
Léandre Loadman,Person
Mrs RUBY JEANDEL,Person
MISS charl koekemoer,Person
universidad san francisco xavier de chuquisaca,University
griff ollcott,Person
DR. Nadège Morrison,Person
Dr. Thandi Mncube,Company
Pepi Sackur,Person
PROF. AYANDA HARRIS,Person
Cristy Culshew,Person
MISS Tommy Robotham,Person
Nozipho Mashele,Person
MRS Dalila Basler,Person
Mrs. dr. theresa jansen,Person
SINCLAIR DE MITRI,Person
Ara Summerside,Person
DR MAËLANN URWIN,Person
DC_CLIENT_NAME,Company
DR Mpho Radebe,Person
Miss Yolandi Martin,Person
Contact Moore,Person
Estelle Human,Person
Sr. dorisa redsell,Person
Derrek Batchellor,Person
browsedrive Unlimited,Company
hansiain zamudio,Person
Yolandi Cathodic Protection (Pty) Ltd.,Company
meembee GMBH Co.,Company
TANOODLE divanoodle SOC.CoL,Company
edvard moss,Person
Steve van Tonder,Person
Dr. Sello Salie,Person
cindy khan,Person
Mr. rev. brandon fredericks,Company
Sr. Dr. Desiree Sibanda,Person
MS SYLVIA KHAN,Person
Frank Tladi,Person
MR Contact Myburgh,Person
Mattias Louisot,Person
mr. mduduzi van der berg,Person
MS PATRICK ALEXANDER,Person
Naéva Daysh,Person
peder bedinn,Person
Prof. sam de lange,Person
Jetpulse KANOODLE myworks GIGACLUB Ltd,Company
Neu Emc Ltd,Company
Rev. Shane Andrews,Person
Mr. NOREAN CASALETTO,Person
TRACY MARITZ,Person
Prof. Pat Varran,Person
Sylvia Mashigo,Person
DR. brynne benoey,Person
PORTIA KHUZWAYO,Person
Dabjam Eare Fadeo Lda.,Company
Mrs REV. MORNE PRINSLOO,Person
Jacqueline Hlongwane,Person
Pail Stearn,Person
Skidoo A.S.,Company
ROY MLAMBO,Person
Divavu Zoomzone livefish SKINIX Bond,Company
Kelebogile Maharaj,Person
roombo TAGFEED & Co,Company
Marius James,Person
Sybila Moneti,Person
Dr Gail Ngubane,Person
Jacquenetta Atlay,Person
MR arthur kekana,Person
DR ms. yolanda nene,Person
Ivonne Halgarth,Person
MR gabie dubble,Person
Mr debra ilsley,Company
Prince Gerber,Person
Angelique Mlangeni,Person
Rev. Prince Opperman,Person
ISSY KRUGMANN,Person
Michaella McCaughren,Person
Miss OCÉANNE HEISHAM,Person
Sr. dr. stephen viljoen,Person
Mr. cordey westmorland,Person
STEFAN BRITZ,Person
fiona martin,Person
marthinus stevens,Person
Babalwa Phiri,Person
MRS Mà Adshede,Person
PETER ZONDI,Person
Miss Ruth Nkomo,Person
EMMOTT CARLETT,Person
MERRILEE SOAPER,Person
Centimia Thoughtblab CC.,Company
Unathi Hlatshwayo,Person
Mr. Nigel Pule,Person
Mr Thea Jado,Person
DR Mashudu Sithole,Person
mbali louw,Person
Menall Invest Sal,Company
Dr FINLEY GOODGER,Person
Snaptags Babbleset Inc.,Company
Jeffrey Roux,Person
Mr. your hall,Person
damiano trett,Person
Prof. Janine Davids,Person
MS sello phiri,Person
VUSI CLARKE,Person
mr. dave slabbert,Person
feedmix Flashspan Bond,Company
Neo Van Vuuren,Person
abatz SKIBOX talane Company,Company
RACHÈLE PEVREAL,Person
PIXONYX thoughtbeat Realcube Wordtune Limited.,Company
MYRA DOCKWRA,Person
BURGESS CUTBIRTH,Person
ADCHECK SUMMER PTY LTD,Company
Douglas Palmer,Person
St. Joseph's College of Maine,University
Mr Bulelwa Esterhuizen,Person
MS. KARABO MPOFU,Person
MR. RIAAN DUBE,Person
MS Ms. Kagiso Chetty,Person
ZOOMBEAT inc.,Company
dr. karin samuels,Person
Marco Mkhize,Person
SELLO RAUTENBACH,Person
Tana Conniam,Person
United Insurance Brokers Ltd,Company
ahmed coetzer,Person
Dr. Hersch Haucke,Person
justino bibb,Person
MISS Diane Langa,Person
ZOOVU OYOYO Youtags L.P.,Company
RONALD JOHNSON,Person
nicolene rautenbach,Person
kenyon craighill,Person
Bongiwe Hanekom,Person
Mr Burke Blunsen,Person
MISS Gisèle Maylour,Person
laurélie leinthall,Person
Mr. MS. SONJA FISHER,Person
Rev. Isaac Sithole,Person
julia gouws,Person
Ariel Philcock,Person
VICTOR MOLEPO,Person
Ashby Sidebottom,Company
Kelsey Sharply,Person
Augustus Sheringham,Person
Cogilith Ltd,Company
sallyann fleury,Person
Wright Pentlow,Person
Lén Tatham,Person
Voolia PLC,Company
Lauren Stickney,Person
RUÒ JUNE,Person
DYNASTY RESTAURANT CC,Company
Dr. Hon. Unathi Nkabinde,Person
ANNE KEKANA,Person
JENNETTE LUDOVICO,Person
Mrs. William Collins,Person
Ladysmith Centre Cc,Company
Aloha Rajiv Banking and Inv Corp,Company
TRACEY MSIBI,Company
QUIMBA Tagtune Zazio Oyoloo Gmbh,Company
Mrs Alexander Odendaal,Person
Joshua Stoute,Person
MR DORALIA SAUR,Person
conrad baker,Person
TSHEPISO NEL,Person
MS heinrich nkabinde,Person
Dr. Hendrick Heisham,Person
Brainsphere Vimbo YAMBEE Family Trust,Company
Dr. Marlene Makhubela,Person
Rhianna Lambdin,Person
Jayo TRILIA Consortium,Company
Mandi Aizikovich,Company
Nick Nortje,Person
MS Wally Easseby,Person
Tilda Stiller,Person
MISS GUGULETHU GOVENDER,Person
Nhlanhla Benjamin,Person
NOZIPHO FORTUIN,Company
Kelebogile Khumalo,Person
thulani lawrence,Person
MISS NICOLAAS MASANGO,Person
Kettie Pate,Person
bulelwa van dyk,Person
Mr. Victoria Thomas,Person
Pippa Edmonston,Person
Des Adess,Person
anaël jeynes,Person
Bérangère Gyppes,Person
Thandeka Marx,Person
BELINDA NDHLOVU,Person
MR. MATTHEW OPPERMAN,Person
MR Darrelle Rowney,Person
Clive Nkosi,Person
EDOUARD GINTY,Person
odella shallow,Person
Beatrix Willman,Person
North Park University,University
ROBBY CLUBB,Person
THULANI NGOBENI,Person
UNIVERSITY OF SINT EUSTATIUS SCHOOL OF MEDICINE,University
dean carstens,Person
johan bouwer,Person
miss lelah shevels,Person
MR Nkosinathi Steenkamp,Person
Prof. melisande bourgeois,Company
Demizz GABVINE Pl,Company
Eleonora Gulland,Person
Aurélie Jemmison,Person
Mrs. Tania Reddy,Person
Fallen Leaves Property Dev Co Pl,Company
tony singh,Person
refiloe mokone,Person
AMERICA MINERALS SOUTH AFRICA (PTY) LTD,Company
Mrs. Takalani Walters,Person
jim bank,Person
SERGEI FROUDE,Person
Sigismondo Bullus,Person
Miss PUBLICITÉ WILBUD,Person
Dr. lindiwe Mabasa,Person
Colleen Nkuna,Person
marietta kinnerk,Person
miss Grady MacIlhagga,Person
neron edghinn,Person
Karabo Mbatha,Person
Mrs MARGARET BEZUIDENHOUT,Company
gerta abrahamsen,Person
DIVAPE Lazz SHUFFLETAG pixoboo CC.,Company
Marc Jansen van Vuuren,Person
Réservés Isaac,Person
TELRRF PTY LTD,Company
Corliss Bick,Person
Thro Fund Of Funds,Company
tán kenna,Person
Mrs mrs. anthea cloete,Person
QUATZ BABBLESET Fd,Company
Miss Aubrey Bothma,Person
Esbjörn Papes,Person
kabelo nkomo,Person
Sandile Moore,Person
realfire Gabspot Feedfish L.L.P,Company
MONA GUILLE,Person
nicolaas boshoff,Company
Standford Yven,Person
rev. emmanuel clark,Person
Ms. Elizabeth Müller,Person
ERAX PTY LTD,Company
MR Léandre Scholes,Person
mr. dave maphumulo,Person
Quimm Eire Foundation Trust,Company
DR Vanessa Letsoalo,Person
donovan van der westhuizen,Person
HON. DENISE LE ROUX,Person
ARETHA MERIT,Person
MR Prof. Gregory Rikhotso,Person
Julian Cupido,Person
Mrs Thomas du Toit,Person
BROWSEBUG CAMIMBO wordify zooxo PTY Limited,Company
deny gallihawk,Person
thulani swartz,Person
decca bundy,Person
DR Hon. Vincent Sithole,Person
Cléopatre Dickin,Person
amabel langford,Company
Kenneth Thwala,Person
béatrice aspinal,Person
Mrs MENARD CONRADIE,Person
RAFE LARIMER,Person
Prof. Nathan Mohamed,Person
prof. caroline mitchell,Person
Dr Etienne Eatttok,Person
sibongile kelly,Person
maryanna vasser,Person
Mrs REV. ERNEST ODENDAAL,Person
Sr. Rev. Marthinus Bester,Person
Nokuthula Viljoen,Person
Lisa Moore,Person
Grant Mthombeni,Person
NHLANHLA GEORGE,Person
bea kilday,Person
Charmion Lead,Person
MR KABELO LE ROUX,Person
heidi labuschagne,Person
CONSTANTIA SCOTTS,Person
Ronnie Ivanovic,Person
Debbie Mabaso,Person
Simone Mthembu,Person
tanney vasilechko,Person
Dr Sello John,Person
Candice Van Der Linde,Person
Kelebogile Greeff,Person
Bert Cheshire,Company
Miss arthur hanekom,Person
Naoma Klimochkin,Person
Mrs. Lindiwe Mphahlele,Person
ASHBY PIESING,Person
Flipstorm oyonder RHYZIO Corporation,Company
Silvertree Oak Properties Pl,Company
raimund braddock,Person
Ceciley Blincowe,Person
BRENT CRONJE,Person
contact smit,Person
Juanita Els,Person
SÉVERINE DENNICK,Person
Ainyx ROOXO Corporation,Company
Brainverse OZU BRAINLOUNGE SICAV,Company
Babbleblab LINKTYPE Yadel realcube Pty Ltd.,Company
MRS mrs. takalani swanepoel,Person
Dr. Mikael Willerson,Person
Bernhard Sumshon,Person
Miss Nigel Steyn,Person
MRS BANCROFT SLAVIN,Person
DR Edward Ngcobo,Person
skipstorm realcube PLLC.,Company
DR kristo mapletoft,Person
HON. BULELWA MAHARAJ,Person
DR Bongiwe Evans,Person
Capital FM Group Holdings Ltd,Company
SIPHOKAZI OBERHOLZER,Person
Lynette Sibanyoni,Person
Thapelo Greyling,Company
wilhelmina norker,Person
DR. Ana Brussell,Person
tyrone brinicombe,Person
alison september,Person
Dr. Yvonne Booysen,Person
shawn mashaba,Person
Josephine Knowlys,Person
MISS irene liebenberg,Person
Mr katti brumen,Person
Dr Horatio Lampart,Person
Carol Cupido,Person
Dr. Desiree Terblanche,Person
Irena Land Fund Of Funds Pl,Company
Mareah Coom,Person
sblg options in,Person
DR ryan kriel,Person
Miss MIKE VAN DEN HEEVER,Person
ms. gillian truter,Person
lloyd mofokeng,Person
ÖSTEN JOTHAM,Person
Lesego Dlamini,Person
Miss rev. barend mostert,Person
Fanoodle Photolist Layo thoughtmix A.S.,Company
BEVERLY KILEY,Person
Auscoko Properties Pl,Company
Pål Mounsie,Person
Dr Daron Wasielewicz,Person
Pò Curteis,Person
CSCEC FINANCE MARITIUS I LTD,Company
shurlock lorkings,Person
Mr Joséphine Haughton,Person
Sollie Parffrey,Person
Aubrey Nyathi,Person
CHRIS SNYMAN,Person
DR. Ms. Mary Bouwer,Person
Bondy Catonne,Person
gigi brader,Person
Mrs dumisani motaung,Person
Peter De Villiers,Person
Mrs noëlla pearce,Person
Hon. David Maake,Person
Next Peter,Person
Prof. dennis malinga,Person
Malcolm Oosthuizen,Person
Kennedy Pledger,Person
Prof. Tumelo Maritz,Person
Mr Rev. Roxanne Barnes,Person
Veronica Turner,Person
Caprice Harburtson,Person
dr. nomsa moodley,Person
Mrs Caddric Flucker,Person
Danni Robelow,Person
PROF. GLORIA ZWANE,Person
ZAPORIZHZHE NATIONAL TECHNICAL UNIVERSITY,University
MS Dean Potgieter,Person
Pelaran Capitals Plc,Person
BULELWA XULU,Person
Mrs. Rachèle Toffoletto,Person
antoinette alexander,Person
HON. ARTHUR NKOMO,Person
Mrs Thando Adonis,Person
Miss Leon Evans,Person
Sherwynd Ness,Person
Ophélie Linne,Person
DR. Cart Benneton,Person
MISS Alisha Kersey,Person
Dr. Wesley Masilela,Person
Skivee teklist Feedmix SOC.CoL,Company
mashudu evans,Person
Marie Françoise Aronowicz,Person
Dosi Boseley,Person
Miss zandile ahmed,Person
Mark Kekana,Person
MISS DÙ SCARDAFIELD,Person
maëlla goude,Person
MISS stephanie mokone,Person
Hon. Christina Morgan,Person
Hyatt Hotels,Company
Sr. Dr. Adriaan Mnguni,Person
SIMPLY EQ PTY LTD,Company
DR. wendy bennett,Person
Merralee Lilywhite,Person
Roy King,Person
COLLEEN MANUEL,Person
Céline Shepard,Person
BURGESS MCGLOUGHLIN,Person
lincoln jaslem,Person
RODNEY HADEBE,Person
rev. kelebogile petersen,Person
KYLE MAJOLA,Person
Rev. Next Mashaba,Person
voonte Gmbh,Company
keeley gabbidon,Company
Florencia Joderli,Person
Jabulani Mohamed,Person
Laura Koen,Person
BENJAMIN SWANEPOEL,Person
Dr. zhì halewood,Person
BAREND NDABA,Person
Mrs celeste conradie,Person
MÉLINE BERMINGHAM,Person
miss Inès Thornton Dewhirst,Person
Refiloe Van Aswegen,Person
claire pule,Person
DR Cristie Keuntje,Person
Tambee Yoveo Thoughtbeat Jv Co.,Person
MRS Lowell Enrico,Person
Mrs MALCOLM OPPERMAN,Person
Gert Wilson,Person
MICHAELLA SCAHILL,Person
AUGUSTIN EDMAND,Person
HON. WILLEM MAKHANYA,Person
yolandi van zyl,Person
cheryl van der linde,Person
the tulane university of new orleans,University
BUZZDOG Bubblemix LEEXO oyoyo Incorporated,Company
Sr. Sifiso Geldenhuys,Company
miss Christiaan De Klerk,Person
Barend Van Deventer,Person
Prudence Morgan,Person
Omeida Global Pty Ltd,Company
LAJO Eadel Inc,Company
yvette mashigo,Person
JENI YORATH,Person
MISS Salvador Jain,Person
Samuel Jackson Chr Ltd Num Montrose Div,Company
Gabvine Centizu TOPICZOOM Youopia PTY (LTD).,Company
SAWYER MACPADEN,Person
cate tufts,Person
simona casarini,Person
University Of The Visayas,University
dalston tortoishell,Person
philomena macdougal,Person
Mrs. Nokuthula Skosana,Person
Phindile Mahlangu,Person
Örjan Filkov,Person
Miss Keith Pietersen,Person
Dirk Park,Person
oyope thoughtbeat edgeclub Babblestorm Limited.,Company
sandor macgiany,Company
ERIC LEWIS,Person
Dr Francesco Ratke,Person
Heinrich Molefe,Person
quinu Zooxo jaxspan C.C.,Person
ajay coxwell,Person
alberto vannuchi,Person
gisèle lamputt,Person
MISS Ivan Prinsloo,Person
wilone flemyng,Person
ms. jane alberts,Person
NOMPUMELELO WOLMARANS,Person
Wesley Van Der Berg,Person
miss MICHAELINE DELLENBROKER,Person
WYNAND LIEBENBERG,Person
Prof. NATHAN DLADLA,Person
NOMPUMELELO PRETORIUS,Person
Shawn Salie,Person
MÉN BARRACKS,Person
Edward Brankley,Person
Alex Dube,Person
Mélina Delmonti,Person
Mr. Andrea Strauss,Person
Aigneis Stubbin,Person
Shaun Burger,Person
DR. Anaël Mart,Person
Rev. Karabo Goosen,Person
MR Nonkululeko Africa,Company
Roodel skipfire JV,Company
Ms. Refilwe Bezuidenhout,Person
Miss stuart saunders,Person
SAM GEORGE,Person
Dr SIPHOKAZI MDLULI,Person
jú londsdale,Person
Dr. Sibongile Vermaak,Person
Norrie Tuting,Person
DR HALEY PINN,Person
Karina Blanning,Person
Palesa Pillay,Person
MISS sharon vermeulen,Person
MS Darren Boler,Person
Catrina Anney,Person
TEKLIST Fiveclub thoughtworks Dazzlesphere CC.,Company
kobus maake,Person
Sean Hugo,Person
Patsy Blant,Person
genni duchant,Person
Glendon Coole,Person
léone gonnel,Person
EULALIE PHILLIS,Person
Hon. Rudi Pietersen,Person
Priscilla Phillips,Person
gabspot PTY (LTD).,Company
Mr LURLINE ICKOVICI,Person
Mrs. carol shongwe,Person
Sr. gabriel enslin,Company
hazel rayburn,Company
Miss Curcio Mossbee,Person
SWISS Mining Services,Company
Mr niki bowry,Person
Rorke Westwick,Person
Prof. faîtes brearley,Person
PÅL SAUNTER,Person
Miss Darleen Yuryev,Person
ALEDA GOMAN,Person
KORNEY MAYES,Person
GOOD MOTIVES 22 PL,Company
REV. GRAHAM MORGAN,Person
miss jemmie mcpheat,Person
innocent singh,Person
hon. fiona ellis,Person
hon. sibusiso jonker,Person
Maëly Fairlam,Person
EDGEIFY UnLtd,Company
MS Glenn Addy,Person
MS DENYS FEATHERSTONHAUGH,Person
BABALWA WHITE,Person
MOISES CRAISE,Person
Mackenzie Scarr,Person
Prof. Kim Zondi,Person
Youopia Flashpoint gabtype & Co,Person
Leda Kobel,Person
JACKIE TURNER,Company
Dr. Ahmed Mahlangu,Person
JEAN ISAACS,Person
RHETA DOWNIE,Person
Prof. TEBOHO MOKONE,Person
DABLIST Feedbug Bubblemix tagchat inc.,Company
morten stewart,Person
KENTUCKY CHRISTIAN COLLEGE,University
Françoise Dyshart,Person
KIT LE BRETON DE LA VIEUVILLE,Person
BAREND REDDY,Person
Marius Nel,Person
DR Judicaël Blowfield,Person
Vincent Moore,Person
COURTENAY BARNWELL,Person
NOKUTHULA DAVIDS,Person
Yvette Schoeman,Person
Prof. janet langa,Person
sean mabaso,Person
DR. nicola potgieter,Company
Town Schneidar,Person
Dr Bérangère Mabbutt,Person
Trilith EDGETAG Fd,Company
Pieter Phillips,Person
vanessa haglington,Person
MYCAT skyvu Youopia Edgepulse PTY LTD.,Company
trudoo innoz SOC.CoL,Company
meeveo CC,Company
Zoomlounge Tagcat Einti Yombu Jv Co.,Person
MIDEL Bond,Company
Prof. xolani collins,Person
MANDY PRINSLOO,Person
NATIVIDAD MACMOYER,Person
Erwin Petegrew,Person
Ansley Deeth,Person
rudi xaba,Person
Ludwig Headrick,Person
Ahmed Simpson,Person
ingrid van heerden,Company
MS angelique kekana,Person
barend robinson,Person
Andréanne Latey,Person
Dr. Mrs. Jean Mashinini,Person
African Sma Intl Bond,Company
Sello Van Staden,Company
ALBERTO COBBY,Person
REV. DUMISANI MKHABELA,Person
davey di giacomo,Person
Janine Kunene,Person
Jeramie Castiglioni,Person
Universidad Tecnológica De Pereira,University
Gabriel Nortje,Person
aksum university,University
Mr. Wesley Morris,Person
Idameneo No 123 Ltd,Company
Universidad Católica Anselmo Llorente,University
TOPICSTORM LINKBRIDGE TWITTERBRIDGE Ltd,Company
cynthia naidu,Company
Juliana Veall,Person
hon. susan van den berg,Person
LYNNEA KEAREY,Person
Christopher Khumalo,Person
ara longmaid,Person
Alexander Natiive Nominees (Proprietary)Limited,Company
Lungile Pretorius,Person
RAFFAELLO HUETT,Person
Dr. Susanetta Creus,Person
Contact Le Roux,Person
Jaco Minnaar,Person
YOUBRIDGE Gabspots C.C.,Company
ZOOMZONE Skippad Zoomlounge WIKIBOX Pl,Company
CONNIE TENAUNT,Person
zanele bekker,Person
stanleigh kolyagin,Person
Vérane Seif,Person
Mrs. Rob Daniels,Person
MR Corny Murdy,Person
Rev. Steven Delport,Person
Victoria Rautenbach,Person
Mrs. Vikky Date,Person
MARVEN HEDDY,Person
Miss Andile Chetty,Person
andrew property brokers cc,Person
arogon bci bond fd,Person
Prof. Carissa Dugget,Company
meetz Pty Ltd,Company
ROBYN HLONGWANE,Person
Prof. siouxie barfoot,Person
HUMBERTO DIRKIN,Person
brod dennistoun,Person
Peri Sheward,Person
INNOTYPE Wordify Yakitri Lda.,Company
Dr. Riaan Ismail,Person
MRS Melissa Peters,Person
MISS IRENE PIETERSE,Person
Eugene Davis,Person
Dr gypsy pasmore,Person
MS THANDI NEETHLING,Person
Ben Maphumulo,Person
Seth Antonikov,Person
Katlego Wolmarans,Person
Paulie Dimitriades,Person
Odetta Burgne,Person
Sal Labell,Person
MRS. ZANDILE NAUDE,Person
Hon. Stephan Mokoena,Person
Dr GÉRALDINE MOLLOY,Person
Mrs. Kim Els,Person
Tasneem Mashele,Person
NKOSINATHI REDDY,Person
QUAXO Brainsphere Kwinu MYDO Gmbh Co.,Company
tommie border,Person
Audy Bispo,Person
Byran Tynewell,Person
MISS HEATHER HLATSHWAYO,Person
Sibongile Moore,Person
Mr. angélique sabater,Person
MARCELO ROTH,Person
miss maïwenn drivers,Person
Björn Rattry,Person
Tyrus Wiggins,Person
Simphiwe Moodley,Person
tagpad Thoughtworks Group,Company
petronille mattheissen,Person
MAYNORD MAUND,Person
Lisa Maseko,Person
Miss GUGULETHU OLIVIER,Person
Mr Jacquetta Ibbitt,Person
Mr. Thandi Move,Person
Janet Hoosen,Person
Joe Park,Person
Rachèle Roe,Person
blakelee hedges,Person
JOCK TETLOW,Person
Meevee Devbug GMBH Co.,Company
Frank Myburgh,Person
nicolaas pretorius,Person
MISS Mrs. Danie Gordon,Person
Desiree Mokoena,Person
bliss lazonby,Person
UNIVERSIDAD METROPOLITANA CASTRO CARAZO,University
Mr murray simonetti,Person
Rochelle Healthcare,Person
MISS andrée normabell,Person
kim zondi,Person
prince loubser,Person
riffpath zazio Devcast Babblestorm Co,Company
Theodor Arboine,Person
ADDIA PURCHES,Person
Martha Theron,Person
Miss Angel Issett,Person
Sr. Petra Johannesson,Person
Rev. Thabang Brand,Person
Veronica Bosman,Person
Muxo Pl,Company
KPMG CONSULTING PVT LTD,Company
Mrs Charl Van Zyl,Person
Frank Brits,Person
Dr WAYNE PIETERSE,Person
béatrice caris,Person
African Publishing Ltd,Company
Dr Ronel Mostert,Person
AGACE BERROW,Person
MISS GARY MAKHANYA,Person
kagiso maluleka,Person
ooba PTY LTD.,Company
WARREN MANUEL,Person
Mr. Prudence Radebe,Person
MISS PERSONAL DLAMINI,Person
Miss MARCO PRINSLOO,Person
DR. GRACE RAUTENBACH,Person
Cécile Ethridge,Person
Deon Lottering,Person
jared collings,Person
College for Creative Studies,University
Miss Musa Van Den Heever,Person
wynand wolmarans,Person
Nigel Hlophe,Person
Adélie Crommett,Person
Julian Basson,Person
prof. sam williams,Person
Mrs. Mitch Kellet,Person
Desiree Brits,Person
Blognation Rhycero Private,Company
Investing Hk Ltd,Company
Morne Mhlongo,Person
Audréanne Pendreigh,Person
JOSEPHINA GILLBE,Person
esme derkes,Person
Prof. Palesa Bothma,Company
aldric coysh,Person
Zooveo MEEMBEE YODEL L.P.,Company
Lungile Burger,Person
cobb domleo,Person
DR. JOCELYN WISNIEWSKI,Person
Brenna Middleditch,Person
NATASHA NTULI,Person
Mrs. Next Marshall,Person
DR Antoinette Du Preez,Person
Rev. Henry De Lange,Person
Einti Shufflebeat Consortium,Company
Universidade Castelo Branco,University
Meredith Padbery,Person
Dr. Edwin Ferreira,Person
joby bartholomaus,Person
rajitlal institute of technology & health sciences (riths),University
rhys evans am mwpb01,Company
"university of the east, manila",University
DONALT BRIMLEY,Person
YAKITRI Pty,Company
Sr. THEODORE HOOFE,Person
SKYNOODLE Brainverse roodel JALOO UnLtd,Company
Sybil Crady,Person
MS HELGA FERRILLIO,Person
FATZ Avamm Kazu Pixope PTE,Person
Ms. Jessica Maluleke,Person
Hon. Unathi Msibi,Person
DUMISANI ZWANE,Person
MRS BRUCE UYS,Company
algola bus company,Company
Miss Ivy Prati,Person
MISS CHANTELLE JORDAAN,Person
Noell Covely,Person
Cogidoo Geba Skajo Quimm Gmbh,Company
Bryan Adam,Company
DR. DEAN ENSLIN,Person
theodoric adrienne,Person
Jaine Ruddy,Person
Miss Matty Kensett,Person
Mr BÉNÉDICTE GLANESTER,Person
MISS PEARL SCHUTTE,Person
Fikile M Ndebele,Company
DR Thomas Maluleka,Person
Mr. gordie fuchs,Person
CHERIN HUMBLESTONE,Person
raetronics ag,Company
feedspan MINYX Yombu PTY (LTD).,Company
Sr. Marie-hélène Birchenough,Person
Mrs Hon. Nicola Basson,Person
Ms. Dimakatso Mitchell,Company
Carla Maseko,Person
DEVPOINT Skyvu Oyondu Midel L.P.,Company
Miss ROSITA BERNADE,Person
Prof. kitty channer,Person
VUYOKAZI ZONDI,Person
liesa maccraw,Person
Elvina Buchett,Person
MRS simone move,Person
Béatrice Isaksen,Company
Live Z Realbuzz DabZ Eabox GMBH Co.,Company
David Grobbelaar,Person
DR jillana knudsen,Person
Styrbjörn Stadding,Person
Ralph Refford,Person
Miss Yusuf Petersen,Person
Zabrina Botte,Person
Carmen Truter,Person
Brett Kubheka,Person
SHAPIRO COOKERIES PL,Company
COLVER GUSTICKE,Person
Mr. Florentia Lyburn,Person
Rev. Siphokazi De Bruyn,Person
berny mckinn,Person
MELANTHA DEMANN,Person
caroline jooste,Person
Aubrie Janusik,Company
cullen clair,Company
Prof. Siphiwe Kleynhans,Person
Yusuf Phiri,Person
andries basson,Company
Dr Ahmed Kelly,Person
MRS Cyndy Scottrell,Person
TAGCHAT Eire OYONDER Family Trust,Company
Miss romonda bettlestone,Person
Ahmed Ntuli,Person
Mr. Julian Hlatshwayo,Person
Miss christian strydom,Person
Transfer Bank Pl,Company
twimm AG,Company
Vzdo Domme (Pty) Ltd,Company
Mr. dean botha,Person
Prof. bulelwa ngcobo,Person
Lorraine Msomi,Person
Oyoba DIGITUBE Topiczoom PTY LTD.,Company
BRADLY DONAGHIE,Person
LAKEHEAD UNIVERSITY,University
Prof. Athena Boffey,Person
TALBERT IVANIN,Person
BÉRANGÈRE POLHILL,Person
Karabo Maleka,Person
MRS Jeannie Paoloni,Person
hon. benjamin masemola,Person
Dr ANNOTÉE O'CONNEL,Person
Prof. Clifford Perumal,Person
DR Emanuele Affron,Person
RÉSERVÉS FACEY,Person
YOUR DE JAGER,Person
Rudy Bromley,Person
Hon. Thandi Move,Person
Léane Whitlock,Person
Citadel Asia Llp,Company
amye kellie,Person
LAETITIA TILT,Person
Miss Ernesto Doohey,Person
MASHUDU NKOSI,Person
DR. OREN BURRILL,Person
Renée Alldred,Person
Lennard Bickley,Person
ms. lynette mkhwanazi,Person
CLAIRE STEWART,Person
Yolandi Nkomo,Person
MISS Victoria Slabbert,Person
Dr. Warren Cronje,Company
hennie kumalo,Person
YÁO GILLEY,Person
Mrs Barend Buthelezi,Company
Josée Dunford,Person
MR Roxanne Truter,Person
Kaitlynn Bick,Person
MS Mrs. Maria Mashego,Person
Quamba demimbu oyoba L.t.d.,Person
Rolph Greensitt,Person
Nye Frohock,Person
MRS Stewart Clemmey,Person
Coletta Fifoot,Person
Wynand Parker,Person
daron creyke,Person
CINÉMA SEATH,Person
OCÉANNE DAWIDOWITSCH,Person
Lincoln University Missouri,University
nessa harbard,Person
next allie,Company
Océane Sweetenham,Person
thando paul,Person
FLASHSET kimia C.C.,Company
Boitumelo Taylor,Person
Miss Gibb Shakespear,Person
GREGOR JILES,Person
Gerald Campbell,Person
REV. SIPHOKAZI BOSCH,Person
Devbug Dabfeed UnLtd,Company
LEBOHANG BLIGNAUT,Person
Aubrey Oberholzer,Person
mill colliss,Company
Kayle McGarrahan,Person
Onfroi Veld,Company
Uò Eagles,Person
viva Devify Teklist Inc,Company
julia street,Person
Gerald Smit,Person
Kabelo Tladi,Person
STERN BRISSARD,Person
TEBOHO STEWART,Person
Miss FREDERICK CARSTENS,Person
Mr Emmanuel Swidenbank,Person
Marcia Skedge,Person
emelita o'connolly,Person
miss Kalil Gabe,Person
personnalisée vido,Person
sisile geindre,Person
Mr Fabian Lamputt,Person
Eduino Greenroad,Person
thoughtmix devcast Pixope Fivespan PLC.,Company
jacqueline shabangu,Person
Lazzy mynte divavu Chatterbridge & Co.,Company
Mrs Falito Kinnach,Person
Skaboo Realbuzz SICAV,Company
dr zondi kim,Person
Agimba LLC.,Company
Uri Klimpke,Person
flashspan YOUSPAN Browsedrive C.C.,Company
Therese Kift,Person
Raymond Tshabalala,Person
NADEAN COCKERILL,Person
DR. personal lee,Person
MISS Greg Mashego,Person
thandi street,Person
Miss Mr. Rodney Van Der Walt,Person
Miss dumisani liebenberg,Person
VERONICA FISHER,Person
fikile moosa,Person
Myron Unwin,Person
Jessica Oberholzer,Person
jabberstorm meetz L.P.,Company
nosipho alexander,Person
Renell Lehrmann,Person
barbara modise,Person
Walwyn Timber (Pty) Ltd.,Company
OZU JAXSPAN zoonoodle Pty Ltd.,Company
justin mtsweni,Person
HON. MATTHEW BELL,Person
Desiree Mngomezulu,Person
Kristofer Jeffes,Person
rev. bulelwa perumal,Person
Heidi Fisher,Person
Lungile Legodi,Company
Lungile Mulaudzi,Person
Eddi Maken,Person
Omba eamia browsebug & Co.,Company
JULIETA KATT,Person
nosipho muller,Person
Gar Breffit,Person
Mrs hedvige newe,Person
hana guilloton,Person
Mrs. Clint Ally,Person
Mrs. Esther Roos,Person
Mrs. Rev. Siphokazi Walters,Person
MS MS. THANDEKA OOSTHUIZEN,Person
DR. Shurlock Peealess,Person
Université D'artois,University
Isaac Mountney,Person
Ricoriki Prestner,Person
Packston Annwyl,Person
Mrs RANDI ALDRIN,Person
DR. Rivy Sallery,Person
miss Walliw Stainland,Person
ADREA FISHER,Person
Devpulse L.P.,Company
JASON MATHEBULA,Person
DR. LOREN VAUDRE,Person
BARRY CUPIDO,Person
Hon. Fikile Petersen,Person
DR Babalwa Fisher,Person
candace snelgar,Person
Miss tasneem koen,Person
Miss Dare Wigmore,Person
magdalène djorvic,Person
Latz SOC.CoL,Company
University Of Surrey,University
hon. brett van der linde,Person
To Simelane,Person
Bruce Hoffman,Company
MADELYN LAWLAND,Person
ecole nationale supérieure d'electrochimie et d'electrométallurgie de gernoble,University
Jane Slabbert,Person
skimia Bluejam EAZZY PLC,Company
DR. MARKOS DOWNGATE,Person
Brenda Goodwyn,Person
Mr TREVAR TINNISWOOD,Person
Joseph Bouwer,Person
Dr jeanine thurby,Person
Allie Cowell,Person
Sipho Cilliers,Person
Blogtags Linktype Yozio Co.,Company
amil worge,Person
Prof. JONIS SIGERT,Person
Stuart Kumar,Person
unathi naidoo,Person
marlène kinder,Person
mr. lee singh,Person
MR seward bartles,Person
Georgetta Tooker,Person
KAITLIN ALLMOND,Person
Barty Chaldecott,Person
rev. anna mlambo,Person
marie-josée blaxeland,Person
Elbertina Creaven,Person
Patricia Dhlamini,Person
Wá Pleasance,Person
lindiwe moses,Person
NATALIE NDOU,Person
Dà Silvester,Person
TASHA GOODHEW,Person
inge skentelbery,Person
Dr. Gugu Naudé,Person
Juan Mohlala,Person
Mrs Vuyokazi Motloung,Person
MR. SIBUSISO NIEUWOUDT,Person
Tshegofatso Chetty,Person
inger geerits,Person
TALANE Gabtune DYNAZZY Brainsphere PLLC.,Company
NIGEL DU PLOOY,Person
Jacobus Zondo,Person
REV. ZANELE MOFOKENG,Person
Dr Dr. Fikile Van Jaarsveld,Person
Gary Ally,Person
André Mashele,Person
CARMEN LAUBSCHER,Person
rev. beverley van vuuren,Person
Mr. Brent Van Der Berg,Person
Stevie Balme,Person
voonyx PTY LTD.,Company
MELA BOANAS,Person
Dr. PERSONAL MADLALA,Person
Rev. Neo Hill,Person
Andries Meyer,Company
WHITNEY MARCOME,Person
DR. rev. hannes mashinini,Person
Mr. vitia peterson,Person
Rev. Brett September,Person
Prof. Ivan Moonsamy,Person
realpoint Dabvine eidel Gmbh,Company
Prof. Wesley Nene,Person
nozipho koen,Person
MRS REV. RIAAN DA SILVA,Person
Lóng Mac Geffen,Person
Thoughtstorm Flashpoint Ainyx ZOOMBOX C.C.,Person
Denise Dudliston,Person
JOELLA MEDWAY,Person
REALBUZZ Zoombeat twitterlist PLLC.,Company
Nonkululeko Munyai,Person
Naufam Property Fund Ltd,Company
karabo harris,Person
Byran Egginton,Person
DR. adèle tinmouth,Person
Sello Zondi,Person
HON. NATHAN NGWENYA,Person
Mr. sello Andrews,Person
AUGIE CIOTTI,Person
Sibongile Johnson,Person
DARREN MINNAAR,Person
artemas mathieu,Person
raymond van rooyen,Person
DR. Anderea Bees,Person
Herman Lewis,Person
jerome visagie,Person
Hélèna Hendrickx,Person
Mrs. zandile Mpofu,Person
Tannie Tranfield,Company
dr. charmaine fredericks,Person
kyle odendaal,Person
Friedrich Hekkert,Person
sylvia simelane,Person
WORDEN POUNTNEY,Person
Miss Vincent Claassen,Person
Lebogang Collins,Person
geneviève spinke,Person
nico joseph,Company
ADELE FORTUIN,Person
mark patel,Person
MS AMÉLIE QUAN,Person
university of chester,University
Rahel Luckey,Person
Yodoo Associates,Company
Mr Unathi Anderson,Person
Iris Rallings,Person
STEPHANIE MSIBI,Person
Frédérique Sings,Person
Heinrich Ismail,Person
gail hankinson,Person
yóu leirmonth,Person
JSANDYE TALLENT,Person
Devify voonix Unlimited,Company
Lucita Poolman,Person
Northpan Solar Power Rf Pl,Company
Nigel Cooper,Person
sifiso jansen van vuuren,Person
morne jansen van rensburg,Person
Amazing Books Kenya Cc,Company
Mrs. Lawrence Saunders,Person
Mr. Elwood Earlam,Person
geneviève duester,Person
Jane Mohale,Person
DR Roger Malinga,Person
"rajamangala university of technology, lanna chiang rai",University
donald jansen,Person
Rev. Your Van Schalkwyk,Person
MS ABBEY CARD,Person
Augustin Scothron,Person
Mrs. rev. susan banda,Person
THABO'S CARS (SOLE PROP AJ SWANEPOEL),Company
zane dunge,Person
DR. DAVE OTTO,Person
SUPREME BEAUTY SALON PTY LTD,Company
desirae scullin,Person
Nev Starten,Person
Prof. Samantha Collins,Person
Sr. Leese Barnwall,Person
Florri MacCaughen,Person
JONIE BEAUCHOP,Person
BRYN KENNHAM,Company
Lanette Smogur,Person
GLORIA LE ROUX,Person
Dr. mr. bongani sibiya,Person
prof. cheryl twala,Person
Dr Börje Mann,Company
MUDO zoovu skiba Pty Ltd,Company
Jú Molohan,Person
Maria Ngcobo,Company
BILLY JAKUBOWICZ,Person
MS Hon. Phindile Marx,Person
MR REV. JEROME MITCHELL,Person
DR Mr. Neil Morgan,Person
PROF. SHANE LOUBSER,Person
Dwain Fingleton,Person
OMEGA-THE MINING IND,Company
Pepita Ralling,Person
PROF. GERHARD WENTZEL,Person
Mr JOSÉE DI NAPOLI,Person
Vaganova Academy Of Russian Ballet,University
Dr. Felice Smyth,Person
Prof. Portia David,Person
Debbie Van Schalkwyk,Person
Kwideo Zoomlounge skalith FLIPOPIA PTY Limited,Company
theresa tladi,Person
MR tshegofatso singh,Person
MRS agnès digance,Person
Iggy Chiverstone,Person
Mr. BOONY MONNELLY,Person
Mr AÍ CROSSER,Person
dimakatso jansen,Person
MAÏWENN CROWTER,Person
skell haversham,Person
Auto Supplier Dbn Pl P,Company
zoomdog Snaptags Cogilith Edgeclub PTE,Company
MR faîtes emberson,Person
alta raigatt,Person
ARLEN DORBIN,Person
kallisté broadey,Person
Antonio Albin,Person
tod hobbing,Person
Mrs Rev. Ernest Brand,Person
Tandie Powney,Person
MR Gerald Schmidt,Person
rev. thandeka chauke,Person
DR. HANNES DAVIES,Person
lindiwe de bruyn,Person
Laurène Pittem,Person
International Sakharov Environmental University,University
Prof. Franklin Carp,Person
CAROLIN BOSMA,Person
Douglas Africa,Person
ORALEE RODMAN,Person
Teboho Du Plooy,Person
hollis titherington,Person
Audie Dickings,Person
Deane Artinstall,Person
Miss alphard hanssmann,Person
Hildagard Lovick,Person
elaine duma,Person
Malcolm Coetzee,Person
ELIÈS COOGAN,Person
Aila Tenpenny,Person
Lorens McQuillin,Person
miss SELENE FENELOW,Person
NIGEL SAMUELS,Person
stanly bundock,Person
Miss Tán Bruyntjes,Company
Thandi Tsotetsi,Person
Mr. Craig De Klerk,Person
Sello Ngobeni,Company
SHIRLEY RADEBE,Person
Walter Nhlapo,Person
IMIBONO FUELS CAPITAL PTY LTD,Company
Dr. Zandile Mathe,Person
Futures Dealing,Person
Nhlanhla Mouton,Person
Mr Rebeka Ferraretto,Person
leanor valde,Person
MID-SOUTH MEDICAL SERVICES CC,Company
LUCKY MTSWENI,Person
SIGISMOND LARKINS,Person
Cassey Itzkovich,Company
Somerset Deniscke,Person
Lungile Mthethwa,Person
styrbjörn constant,Person
thulani naudé,Person
YVONNE BOUWER,Person
DR. MATA PARADIN,Person
kalina walthall,Person
Sandi Tompkiss,Person
MS Sydney Hadebe,Person
corona fnd man pioprv,Company
Aubrey Padayachee,Person
Oodoo Brightbean Edgewire Innotype S.P.,Company
MR Elaine De Kock,Person
meta fewell,Person
DR. TSHEGOFATSO JONKER,Person
Dr innocent swanepoel,Person
thulani dladla,Person
Estelle Shabangu,Person
Shannon Smit,Person
KENNETH MICHAL,Person
Mrs HON. GIDEON MPHAHLELE,Person
RADDIE JOUEN,Person
TECHNOLOGICAL EDUCATION INSTITUTE OF SERRES,University
RRIOCARD DARRINGTON,Person
MARC BELL,Person
Tony Mashego,Person
MS REINE IVIE,Person
Miss LINDIWE VAN DER MERWE,Person
Juan Slabbert,Person
Dagmar Mc Leoid,Person
christiana anton,Person
pieter davis,Person
Cirstoforo Fishly,Person
twitterbeat Proprietary Limited,Company
Carol Van Dyk,Person
Vuyokazi Lottering,Person
MRS Réjane Warsop,Person
WILD WIND INVESTMENTS 17 PL,Company
Mrs. börje melbert,Person
DR. MISS NOMFUNDO VAN RENSBURG,Person
Mr. Lovell Ragless,Person
Leenti SKINIX gabtype Limited.,Company
REV. DESIREE HLOPHE,Person
GEVEE Meevee CC.,Company
Hon. Zandile Mavuso,Person
laurene binge,Person
LUELLA PLAUNCH,Person
Miss KENNETH ZULU,Person
gabtune Co,Company
Miss Douglas Mokoena,Company
MAËLLE REINMAR,Person
eire PTY Limited,Company
Jethro Skydall,Person
Dr. riley laban,Person
Alison Parker,Person
Cordie Bolderson,Person
Eayo devbug Divavu Skinte Fund of Funds,Company
JARID LEMBCKE,Person
Jeniffer Drowsfield,Person
EADA FRANKUM,Person
Dr BONDY TREMELLING,Person
Ernaline Prettejohns,Person
GERALD PIETERSEN,Person
Giordano Guiet,Person
Darrelle Adriaens,Person
Thoughtblab lajo yabox SKIBOX Gmbh Co.,Company
Mrs. eugen deeman,Person
DR. DR. SELLO MARTIN,Person
hirsch clutterbuck,Person
grannie karlicek,Person
Bluezoom wikizz Lazz Janyx Co,Company
Gigazoom Inc,Company
MRS ian kekana,Company
BUSISIWE MAHARAJ,Person
Prof. GIFFY BAUDTS,Person
Oozz UnLtd,Company
Maëlla Feyer,Person
Gus Abele,Person
NEALA BIRCHENHEAD,Person
Prof. Godfrey Khuzwayo,Person
Mr. nicole de bruyn,Person
vitz TWITTERWORKS linktype gabtype Fund,Company
Dr. Elaine Msibi,Person
publicité solman,Person
bernard simpson,Person
Mr Prof. Itumeleng Boshoff,Person
Odo Copyn,Person
RICHARD CONRADIE,Person
BULELWA KLEYNHANS,Person
Miss Leigh Letsoalo,Person
Fivebridge BUBBLEMIX MYNTE BROWSEBLAB Proprietary Limited,Person
prof. sylvia allie,Person
KIRK DAENEN,Person
Nonhlanhla Slabbert,Person
Prof. Jessica Peters,Person
gerald kotze,Person
Berty Forkan,Person
Nonhlanhla Nkomo,Person
Almérinda Slocombe,Person
Kathrine Cohrs,Person
CHESTON ARISS,Person
KIMIA wikibox FLASHDOG Tekfly L.P.,Company
Dr LEBOGANG BOSCH,Person
Riva Willford,Person
MISS Natividad Goodliff,Person
MR. ALEXANDER SKOSANA,Person
Ntags Feedspan Snaptags meevee Proprietary Limited,Company
ELÉA KUSCHKE,Person
MRS Monique Mpofu,Person
Mr. Boothe Snipe,Person
marlene cooper,Person
tracey van der merwe,Person
Miss Margery Keat,Person
anaé letteresse,Person
MS lesego gumede,Person
Babalwa Ngobeni,Person
MRS Charl Ncube,Person
Naéva Reekie,Person
Miss SIYABONGA MILLER,Person
Mr NEO BELL,Person
cloé ruppelin,Person
Rev. Gideon Brown,Person
Prof. Mashudu Sibanyoni,Person
Hon. Bulelwa Van Deventer,Person
hildagard scutcheon,Person
diccorve services ltd,Company
Eric Watson,Person
Matelda Buist,Person
Thoughtworks eadel Mydeo devcast Pty,Company
Skalith S.P.,Company
prof. walter mthombeni,Person
Ms. Zandile Mabena,Company
Eugénie Summerlad,Person
Mr. alfred pretorius,Person
Barend Maseko,Person
Mrs. ELIÈS FLAVERTY,Person
Dr Francis du Plessis,Person
MR. SIFISO HUGO,Person
Mylène Churchyard,Person
MRS werner van den heever,Person
Skinix Cogilith gigabox Company,Company
benjamin moagi,Person
Dr. Cyrille Muzzullo,Person
brooks reichartz,Person
THÉRÈSE WONFOR,Person
gillian celle,Person
Sydney De Jager,Person
Isidor Lilie,Person
ANNETTA JANICIJEVIC,Person
DR. Anson Dudderidge,Person
Miss TABER TATERSALE,Person
Lindsy Lording,Person
DR ADELE VAN JAARSVELD,Person
Shurwood Bunnell,Person
Henri Sivil,Person
Mrs. SONJA LAWRENCE,Person
Pierrette Klaus,Person
Riaan Park,Person
MS Petrus Clark,Person
FROSTBURG STATE UNIVERSITY,University
Miss MOSES ISAACS,Person
MRS vusi basson,Person
MISS bécassine ortells,Person
eidel JATRI Jaxnation Tazz Limited.,Company
Dr Jackie Mulaudzi,Person
Aí Adamec,Person
innocent scheepers,Person
alyda simic,Person
fast tracker contracting africa (pty) ltd,Company
Herman Roos,Person
Mr michael van aswegen,Person
Tumelo van der Walt,Person
Cyclops Ltd London,Company
Contact Sithole,Person
Sr. Christine Mtsweni,Person
DR. Nosipho Allie,Person
Brenda Van Schalkwyk,Person
faîtes casaccia,Person
Dr. grace theron,Person
EDGAR CATTRELL,Person
Mélys Ivic,Person
Mrs. lizzie vondra,Person
KATHERINA HAWKEY,Person
yóu wickerson,Person
REV. SYDNEY LEWIS,Person
REV. CONTACT HENNING,Person
MR Eugénie Enefer,Person
Voolith lajo Limited,Company
MRS Sam Botes,Person
Danielle Reddy,Person
BARYRAM JUMONT,Person
Mikaela Stambridge,Person
Sr. dionis tittletross,Person
DR. DOROTHÉE WARDEL,Person
Engracia Edington,Person
Miss RUÒ PROSH,Person
NADIA BENNETT,Person
Mr. Zandile Bosman,Person
Amanda Nhlapo,Person
cecilia madlala,Person
ELROY NICKLESS,Person
federico sporle,Person
brainlounge Trudoo browsezoom edgeclub GMBH Co.,Company
Devonne Ong,Person
RAJA-RAJA FAMILY TRUST,Company
Current Ship Builders Cc,Company
Robin Van Schalkwyk,Person
Margaret Gerber,Person
Mr. Cornelius Solomons,Person
GERRIT WALKER,Person
Lèi Stevenson,Person
HELIGAME Equipment Spares SA Cc,Company
MR. THANDI FREDERICKS,Person
Nonhlanhla Samuels,Person
JETWIRE YODEL Einti JAMIA Limited.,Company
Märta Simek,Person
Anna Nkomo,Person
The Black Berry Co Pl,Company
Elvera Keep,Person
DOE MULLANE,Person
siphokazi nene,Company
Johann Msomi,Person
Merola Verrills,Person
Jackie Rossouw,Person
Léa Jeannin,Person
CARMEN MOHALE,Person
CHRYSLER DIGHTON,Person
Hon. Judith Chauke,Person
MAREAH WOGAN,Person
Ben Scholtz,Person
Tavu mymm devshare PTY LTD.,Company
DR Francis Van Eeden,Person
Ailane TEKFLY Partnership,Company
Miss personal simelane,Person
Gilberta Drewes,Person
Miss Sax Macourek,Person
Mrs JOHAN STEYN,Person
Estève Sesser,Person
Kanoodle Tambee SICAV,Company
UNATHI TWALA,Person
Lilla Heffer,Person
Jú Polsin,Person
MISS Thembi Mthombeni,Person
university of health sciences andhra pradesh,University
INSTITUTO SUPERIOR DE CIÊNCIAS EDUCATIVAS,University
Jaxnation Mydo Skipfire Feedfire Corporation,Company
Rodney Bosch,Person
Audréanne Moubray,Person
annissa trelease,Person
Cris Voce,Person
Mrs ZAMA ABRAHAMS,Person
Mrs. DENNISON ROFE,Person
ms. gloria laubscher,Person
MS. NOKUTHULA MAY,Person
Irène Giovannelli,Person
anallise findlow,Person
Arthur George,Person
Miss Cody Maloney,Person
kaitlin mulvihill,Person
Quire Family Trust,Company
Ahmed Lottering,Person
RHODIE DOMONEY,Person
Bérangère Rooney,Person
Maëlle Deinert,Person
Prof. Lola de Najera,Person
hon. natalie jonker,Person
Dr. sauncho fosdick,Person
DR. WARREN MTHETHWA,Person
cami kmicicki,Person
VICTORIA MOONSAMY,Company
ELIZABETH ANDREWS,Person
ecology nigeria limited,Company
Frederigo Huddart,Person
ROBIN PHILLIPS,Person
Mr roy prinsloo,Person
marthinus laubscher,Person
Sr. Chantal Salie,Person
NTHABISENG SWART,Person
REV. ANITA VENTER,Person
simone taylor,Person
Miss Desiree Mdluli,Person
Jessica Street,Person
Alex Hugo,Person
ERNEST BASSON,Person
Märta Blose,Person
DR DARREN BENNETT,Person
Dr LILAS JANDAK,Person
TRUDEO topicstorm JV,Company
mr. rudi herbst,Person
Hon. Colin Liebenberg,Person
Miriam Mac Lennan,Person
KENNETH TWALA,Person
Sr. Johann Mkhwanazi,Company
eare Centimia CC.,Company
UNATHI HADEBE,Person
Sibusiso Oberholzer,Person
Naéva Landman,Person
Nilai University College,University
JOE MAZELLA,Person
Guardrisk Corp Bk Ltd London Br,Company
Miss Ganny Daysh,Person
stefan borrell,Person
Mr. Marthinus Van Deventer,Person
George Parker,Person
MISS PAMELA DHLAMINI,Person
Joella Gimeno,Person
Yeshiva University,University
MISS INGRID SHEZI,Person
Prof. MR. BRITZ,Person
Mr. André May,Person
Mike Maree,Person
Mrs. Celestia Tchir,Person
Mr ms. bronwyn laubscher,Person
Miss DR. STEVEN NKABINDE,Person
Dr. Léonie Probets,Person
christian molepo,Person
Dr. Yolandi Turner,Person
OTHELLO BRIDGWOOD,Person
Miss Miss Thandi Pule,Person
Buzzshare Lazz & Co,Company
noreen sabie,Person
LYNETTE MAVUSO,Person
Kizzie Stonehewer,Person
Thandeka Mnisi,Person
Burgers SERVICES PTY LTD,Company
gwendolin royson,Person
Estelle Letsoalo,Person
Mrs. Thandi Mitchell,Person
MISS Nicholas Mokoena,Person
CARL MILLER,Person
mario de kock,Person
MS Gertie Tooley,Person
Rachèle Ferraraccio,Person
Marie Françoise Piddick,Person
MISS Yénora Rikkard,Person
Anett Piggrem,Person
Miss Lucrèce Geddes,Person
Nosipho Mokwena,Person
GAY RICHIE,Person
bradley jackson,Person
miss Normie Gullen,Person
tazzy mycat Aimbu TRUDOO Pty,Company
eabox Associates,Person
Sr. PROF. ANTHEA MCHUNU,Person
Soka University of America,University
Mr. SHANE ENGELBRECHT,Person
lorène crayk,Company
african stuff cc,Company
Tracee Peabody,Person
Braam Damsel Jv,Person
Dr. Stephan Buthelezi,Person
Nadia Tladi,Person
Shanghai Normal University,University
CINÉMA OSMOND,Person
HENRY TRUTER,Person
steve moonsamy,Person
Mr Dr. Martha Schmidt,Company
Pénélope Naismith,Person
KIM MARITZ,Person
Azerbaijan Technology University,University
wordpedia twinte YODO TRILITH L.L.P,Company
Mrs. Kaycee McMurrugh,Person
WILLAMINA SHITLIFFE,Person
Mr Victor Mkhabela,Person
Dr YOLANDI WOOD,Person
edward laubscher,Person
Ashely Maffioni,Person
wayne roux,Company
Rhyloo realbuzz Yabox Pixonyx Pty Ltd,Company
DR. PERSONAL BEUKES,Person
Brightdog Lda.,Company
Mrs Allan Hughes,Person
Méthode Swindon,Person
JABBERBEAN flashdog Pty Ltd.,Company
Miss alonzo ord,Person
jackie miller,Company
Prof. Benjamin Francis,Person
DR. donni oxshott,Person
Prof. Deon Nkuna,Person
UNIVERSITY OF INTERNATIONAL BUSINESS,University
Ms. Nicolene Rikhotso,Person
Browseblab Brightbean Jabbertype Buzzbean Ltd,Company
Tán Wanstall,Person
NÉHÉMIE NORMABELL,Person
Hyman Kender,Person
ELÉA DENZILOE,Company
Sr. siphokazi ndlovu,Person
Thandeka Scott,Person
Mr Gugu Mashele,Person
kirstyn isacq,Person
DR. DIANE ELS,Person
Prof. Rodney Africa,Person
Pål Holgan,Person
MS lloyd nzimande,Person
Mair Casetti,Person
ESTÉE GARLETTE,Company
Hennie Mohale,Person
Sr. STANLEY MARSHALL,Person
MARNA AGENT,Person
Kwinu CAMIMBO jabberstorm mymm CC.,Person
Sr. zanele maleka,Person
Dr. Refiloe Hoosen,Person
Shellie Cohrs,Person
MR GRAYCE GLASGOW,Person
Prof. Tania Barnes,Person
Acking Man Employee Benefits,Person
sandra msomi,Person
RUTH PYNN,Person
JUDAS WESTMAN,Person
FUNDACIÓN UNIVERSITARIA SAN MARTÍN,University
Mrs mrs. nosipho basson,Person
Prof. Filippo Burford,Person
Dr. PROF. ANTON NAIDOO,Company
Rev. Vincent Brits,Person
othilie dechelette,Person
Dimakatso Visagie,Person
Linq Asia FoF,Company
Zandile Molepo,Person
DR. LESLEY WRIGHT,Person
veda dyott,Person
Miss stefan van heerden,Person
basilius gethouse,Person
PRECIOUS HOFFMAN,Person
BELINDA SIBIYA,Person
MR Candra Salvatore,Person
MS jessica mathebula,Person
rev. allan mlambo,Person
PROF. ADRIAN MAHLANGU,Person
Prudence Adam,Person
MS JEWELLE DUNKLEE,Person
Rev. Karabo Enslin,Person
Mrs petrus lombard,Person
Marion Albrighton,Person
Browsezoom Pty (Ltd),Person
Maïly Dunsmore,Person
ANDRÉ CILLIERS,Person
Dr. Mrs. Claire Badenhorst,Person
MRS Bianca Hattingh,Person
Miss michail bunnell,Person
Tumelo Lee,Person
TOPICSHOTS Demivee Gmbh Co.,Company
Sr. johan botes,Person
Delainey Bishopp,Person
gabriello springall,Person
Vincent Lubbe,Person
janey manueau,Person
Jessey Bestman,Person
Dr Tumelo Mbatha,Person
cole wandrey,Person
Mr Rebekkah Soars,Person
RODINA ONG,Person
Mrs MAËLLE PARISS,Person
Miss Vilakazi,Person
lark gonin,Person
Miss KUÍ MANNOCK,Company
mr. babalwa solomons,Person
Ng Holdings Co Ltd,Company
Maury Farady,Person
DR rev. edwin molefe,Person
morgan pace,Person
DR. Ben Mofokeng,Person
piedmont college,University
University of Brunei Darussalam,University
Vaughn Wimsett,Person
ELLENE EDGSON,Person
SHANNON WESSELS,Person
AVAMBA Consortium,Company
candice khuzwayo,Person
MISS LEBOHANG NGCOBO,Person
Jatri Quinu Layo Zoombeat Pty,Company
Hetti Shurmer,Person
Dr. Cecilia Van Tonder,Company
allan butler,Person
hon. andré botes,Person
EVAN AND SONS FOOTWEAR INDUSTRY LTD,Company
nico de klerk,Person
Mr. Thandeka Marx,Person
Miss Marlie Batkin,Person
feedfire mydo Viva Gabtype Private,Company
Juan Lawrance,Person
WARREN JOOSTE,Person
Eliès Howett,Person
Victor Rossouw,Person
HÉLÈNE HINRICHS,Person
Ben Malan,Person
MUHLENBERG COLLEGE,University
WALDON SHERLAW,Person
Yóu Burger,Person
Bird Lifsey,Person
Jerome Geldenhuys,Person
Thulani Taljaard,Person
REALCUBE VIMBO Centidel Fund of Funds,Company
cheryl marais,Person
Aida Joesbury,Person
LYDIA EVANS,Person
Victor Peters,Person
boitumelo ntombela,Person
milt ferne,Person
miss DR. GLORIA OLIVIER,Person
miss thulani collins,Person
Mrs. mà bartelli,Person
lucio pringour,Person
Josselyn Dener,Person
BEN VISAGIE,Person
WIKIVU Pixoboo Oozz Inc.,Company
MS MR. THABANG MAGAGULA,Person
susan mabaso,Person
Hon. Musa Letsoalo,Person
LESEGO LOUW,Person
PÅL HABIN,Person
BARBARA FEILDEN,Person
Jeremiah Tinton,Person
Jess Derrell,Person
celeste hattingh,Person
Mrs. Barend Kumalo,Person
MISS TSHEPISO MOLOI,Person
Dr. Celie Witz,Person
Dr Gisèle Huggard,Person
Dr. Joyce Delport,Person
MITCHELL CLAW,Person
Frederick Africa,Person
Greg Rikhotso,Person
DR Precious Malema,Person
Maria Bezuidenhout,Person
Mr. Kgomotso Ntuli,Person
LOÏS GARTON,Person
Hon. Ingrid Jordaan,Person
MS Nosipho van der Linde,Person
Daloris Puckring,Person
pixoboo Feedmix OYONDER LINKBRIDGE Co,Company
Tammara Splevin,Person
DR. séréna agostini,Person
Coastal Pl,Company
MEEMM yodel JETWIRE Blognation Limited.,Company
ELIZA MURTON,Person
HON. KEITH ROUX,Person
miss thandi simelane,Company
Miss Nonkululeko Mdluli,Person
Ascending Financial Services Ltd,Company
Abraham Mazibuko,Person
Pavel Hymans,Person
Cecilia Boshoff,Person
miss Christine Dladla,Person
inala lab pty limited pl,Company
miss TOMMY PLOWES,Person
Mr. ALISA LETTINGTON,Person
DR. mallissa colicot,Person
EDUARDO ERIC,Person
jaxbean C.C.,Company
Christina Greyling,Person
Miss Vida Peregrine,Person
Linq Asia Fund,Company
sal bapty,Person
CONSUELA BIRNEY,Person
Jason Marshall,Person
Sr. Bérengère Rumney,Person
Yamia Pty (Ltd),Company
sullivan jakeway,Person
Sifiso Moosa,Person
Denis Huie,Person
Ricata CONSORTIUM PTY LTD,Company
SHAWN PATEL,Person
Prof. Desiree Moonsamy,Person
Ted Gerkens,Person
duffie olech,Person
Dr. Evita Ditty,Person
Mrs Mr. kagiso Shongwe,Person
Miss Contact Ndhlovu,Person
YAKIJO Realmix Associates,Company
MARTHINUS VAN NIEKERK,Person
DR Susan Brand,Person
Dr contact botha,Company
Stephanie Davis,Person
Musa Bothma,Person
MISS ARNOLD GORDON,Person
Deon Ndaba,Person
MR Réjane Bewicke,Person
Prof. Warren Shabalala,Person
JULIA DEMCAK,Person
JABBERTYPE LINKBUZZ Flipstorm Corp,Company
ELÉONORE SCRIVENER,Person
Mr. TILLY MATCHITT,Person
eugene muller,Person
Fikile Alberts,Person
Simon Adams,Person
MS Thulani Mhlongo,Person
Estella Bezemer,Person
HON. SAM SCHOLTZ,Person
Miss MRS. CHANTEL VAN TONDER,Person
celestyn duckerin,Person
yvonne smit,Person
Jaloo tagchat twitterlist Demivee & Co.,Company
Madelyn Albarez,Company
morris intl pl,Company
Trunyx Roombo Limited,Company
Rica Joslyn,Person
Ephrem MacKibbon,Company
SALOMÉ KEAST,Person
miss tobey dorant,Person
KYLE ROBERTS,Person
Véronique Caw,Person
dr. margaret van niekerk,Person
rev. nokuthula majola,Person
Franny Chittie,Person
Tracy Masango,Person
Miss Mary Naicker,Person
anaïs dudderidge,Person
Prof. Ntokozo Moloi,Company
Pryce Pigeram,Person
John Bekker,Person
montserrat college of art,University
Jerome Tladi,Person
HEDVIGE EVERWIN,Person
MENROSE TRADING PTY LTD PARTS,Company
STEPHENIE KILLIAM,Company
Lazz Talane Yakidoo Demizz Pl,Company
cheryl roos,Person
Sr. CASH INSTONE,Person
DR. Teboho Harrison,Person
ARTHUR AMBRODI,Person
Martha Sibiya,Person
GENNIE KEMP,Person
Gearard Kohneke,Person
antoinette saunders,Person
PROF. LUCKY DU PLOOY,Person
Mr. Siphokazi Lombard,Person
BAREND MAHLANGU,Person
MISS LUCIANO SPAXMAN,Person
Prof. Ian Steenkamp,Person
Joyce Martin,Person
shaun patel,Person
Jabbersphere SKYNOODLE Wordpedia Topicstorm CC.,Company
Prof. Debbie Stander,Person
Maribel Campling,Person
Léa Prin,Person
peter horn,Person
hon. sean mkhwanazi,Person
Bobbi Tuffrey,Person
DR. Glyn Winspeare,Person
oceania pacific open ltd,Company
Photospace Topicstorm BUBBLETUBE Zoomlounge Foundation Trust,Company
Maëlla Tolemache,Person
Marc Andrews,Person
Harvey Mudd College,University
aurie gigg,Person
Dr Fayth Nissle,Person
Bertine Cullotey,Person
prof. prudence butler,Person
Sr. CONTACT TWALA,Person
Mr. sello James,Person
uacn automation dev co plc,Company
SHANTA CANNAVAN,Person
Mrs. Charlotte Pillay,Person
Prof. Billy Shimon,Person
carry killby,Person
miss CHRISTO NAICKER,Person
Miss hatti litzmann,Person
Brainbox Corp.,Company
Judicaël Sacks,Person
Prof. Anthony Cooper,Person
Tennessee Temple University,University
Léana Mor,Person
Hanny Ducker,Person
Archer Joost,Person
daria chomicz,Person
MS Vuyokazi Masemola,Person
Jere Marmion,Person
Dr. Bax Thoms,Person
MRS GEORGINE LE BLOND,Person
Hon. Aubrey Jackson,Person
CINÉMA STAIG,Person
MYMM skaboo voonyx Photospace inc.,Company
Prof. WYNAND BEKKER,Person
Ursuline Rippen,Person
Ms. Jennifer Anderson,Person
PEARL WHITE,Person
DR. miss sydney kruger,Person
Prof. SHAYNA FREYNE,Person
LOU GREADY,Person
MISS Unathi Oosthuizen,Person
DR Miss Tumelo Lewis,Company
TRACY PRINSLOO,Person
tanya jacobs,Person
PROF. TAKALANI MALAN,Person
Hon. Malcolm Ahmed,Person
MARINA EDGECUMBE,Person
MELANIA ELDERFIELD,Person
NATIVIDAD BOLLANDS,Person
Robyn Harris,Person
Merry Chevis,Person
Sr. JOACHIM GERSON,Person
Kori Growcock,Person
DYNABOX Blognation Skiba Brainverse Fd,Company
Rev. Jeremy Van Aswegen,Person
Nonhlanhla Oberholzer,Person
TOBIE DORWARD,Person
livepath Nlounge Co,Company
cherilynn caswall,Person
Ka Lok Ci Wealth Acc Fd,Company
Prof. Dumisani Botha,Person
Daniela Christophers,Person
Warren Le Roux,Person
Delores Vearnals,Person
Prof. Timothy Ally,Person
SIZWE HERBST,Person
gary brink,Person
BÉRANGÈRE RASH,Person
Chloé Prahm,Person
Refiloe Hugo,Person
Leonie Bloodworth,Person
dabtype Aibox CC.,Company
CLÉLIA BEERE,Person
Miss mrs. victoria may,Person
Miss Tracy Coetzer,Person
Dr ADHAM LAMPARD,Person
Mr Hon. mashudu Masuku,Person
REV. SIZWE LOUW,Person
MORNÉ DAVIES,Person
MISS Thandi Twala,Person
Sr. grace solomon,Person
Alex Conradie,Person
Maureen Stander,Person
Somerset Aaronson,Person
jacobus van eeden,Person
theresa nyathi,Person
Angélique Ivashchenko,Person
Hon. Prudence Collins,Person
Mrs. Traver McLafferty,Person
Rev. Derek Robertson,Person
nolana dory,Person
DESIRÉE BOWS,Person
AMERICAN UNIVERSITY OF BEIRUT,University
Allard Georghiou,Person
cherin venmore,Person
Browsecat Realblab YODO Blognation Bond,Person
Andries Mtshali,Person
André Barnes,Person
DR Russell Ntshangase,Person
ROXANNE MLAMBO,Person
Dr. hon. heather vilakazi,Person
Mr. Bendite Bayle,Company
Starr Greatrakes,Person
Pixope yambee oyondu divanoodle Family Trust,Company
Suzie Greenhaugh,Person
abata youfeed wordify Photospace Gmbh Co.,Company
willem anthony,Person
christiane marmyon,Person
MISS Personal Mabuza,Person
Shelton Spridgeon,Person
mandla mashigo,Company
DR. Gwyneth Spritt,Person
Shuffletag linkbuzz Ltd,Company
MS Jaclin Tiltman,Person
MS Andries Mtsweni,Person
Miss INGRID MOKOENA,Person
dreddy kells,Person
bbyamldn gemcorp capital services pl,Company
Miss Quinn Burgher,Person
COURTNAY TUTCHELL,Person
Sr. Lonni Joesbury,Person
Corinne Spencers,Person
Sr. GWENAËLLE DOMANSKI,Person
Carmen Conradie,Person
Casper Nibley,Person
Mrs Zanele Patel,Person
rev. bryan edwards,Person
Mr lucas white,Person
GAIL ADAM,Person
DR Nicholas Joseph,Person
Berkley Sciacovelli,Person
MRS Dr. Simphiwe Miller,Company
Mrs MAËLINE FOLLITT,Person
Ntag Brainbox Inc.,Company
